filename;action;replay;p1.name;p1.color;p2.name;p2.color
media/images/029AwqdH868-000000.jpg;False;False;;;Hosny;#2196F3
media/images/029AwqdH868-001500.jpg;False;False;Rehman;#000000;Hosny;#2196F3
media/images/029AwqdH868-002000.jpg;False;False;Rehman;#000000;Hosny;#2196F3
media/images/029AwqdH868-002500.jpg;False;False;Rehman;#000000;Hosny;#2196F3
media/images/029AwqdH868-003000.jpg;False;False;Rehman;#000000;Hosny;#2196F3
media/images/029AwqdH868-003500.jpg;False;False;Rehman;#000000;Hosny;#2196F3
media/images/029AwqdH868-004000.jpg;False;False;Rehman;#000000;Hosny;#2196F3
media/images/029AwqdH868-004500.jpg;False;False;Rehman;#000000;Hosny;#2196F3
media/images/029AwqdH868-005000.jpg;False;False;Rehman;#000000;Hosny;#2196F3
media/images/029AwqdH868-005500.jpg;False;False;Rehman;#000000;Hosny;#2196F3
media/images/029AwqdH868-006000.jpg;False;False;Rehman;#000000;Hosny;#2196F3
media/images/029AwqdH868-006500.jpg;False;False;Rehman;#000000;Hosny;#2196F3
media/images/029AwqdH868-007000.jpg;False;False;Rehman;#000000;Hosny;#2196F3
media/images/029AwqdH868-007500.jpg;False;False;Rehman;#000000;Hosny;#2196F3
media/images/029AwqdH868-008000.jpg;False;False;Rehman;#000000;Hosny;#2196F3
media/images/029AwqdH868-008500.jpg;False;False;Rehman;#000000;Hosny;#2196F3
media/images/029AwqdH868-009000.jpg;False;False;Rehman;#000000;Hosny;#2196F3
media/images/029AwqdH868-009500.jpg;False;False;Rehman;#000000;Hosny;#2196F3
media/images/029AwqdH868-010000.jpg;False;False;Rehman;#000000;Hosny;#2196F3
media/images/029AwqdH868-010500.jpg;False;False;Rehman;#000000;Hosny;#2196F3
media/images/029AwqdH868-011000.jpg;False;False;Rehman;#000000;Hosny;#2196F3
media/images/029AwqdH868-011500.jpg;False;False;Rehman;#000000;Hosny;#2196F3
media/images/029AwqdH868-012000.jpg;False;False;Rehman;#000000;Hosny;#2196F3
media/images/029AwqdH868-012500.jpg;False;False;Rehman;#000000;Hosny;#2196F3
media/images/029AwqdH868-013000.jpg;False;False;Rehman;#000000;Hosny;#2196F3
media/images/029AwqdH868-013500.jpg;True;False;Rehman;#000000;Hosny;#2196F3
media/images/029AwqdH868-014000.jpg;True;False;Rehman;#000000;Hosny;#2196F3
media/images/029AwqdH868-014500.jpg;True;False;Rehman;#000000;Hosny;#2196F3
media/images/029AwqdH868-015000.jpg;True;False;Rehman;#000000;Hosny;#2196F3
media/images/029AwqdH868-015500.jpg;True;False;Rehman;#000000;Hosny;#2196F3
media/images/029AwqdH868-016000.jpg;True;False;Rehman;#000000;Hosny;#2196F3
media/images/029AwqdH868-016500.jpg;True;False;Rehman;#000000;Hosny;#2196F3
media/images/029AwqdH868-017000.jpg;True;False;Rehman;#000000;Hosny;#2196F3
media/images/029AwqdH868-017500.jpg;True;False;Rehman;#000000;Hosny;#2196F3
media/images/029AwqdH868-018000.jpg;True;False;Rehman;#000000;Hosny;#2196F3
media/images/029AwqdH868-018500.jpg;True;False;Rehman;#000000;Hosny;#2196F3
media/images/029AwqdH868-019000.jpg;True;False;Rehman;#000000;Hosny;#2196F3
media/images/029AwqdH868-019500.jpg;True;False;Rehman;#000000;Hosny;#2196F3
media/images/029AwqdH868-033000.jpg;True;False;Rehman;#000000;Hosny;#2196F3
media/images/029AwqdH868-033500.jpg;True;False;Rehman;#000000;Hosny;#2196F3
media/images/029AwqdH868-034000.jpg;True;False;Rehman;#000000;Hosny;#2196F3
media/images/029AwqdH868-034500.jpg;True;False;Rehman;#000000;Hosny;#2196F3
media/images/029AwqdH868-035000.jpg;True;False;Rehman;#000000;Hosny;#2196F3
media/images/029AwqdH868-035500.jpg;True;False;Rehman;#000000;Hosny;#2196F3
media/images/029AwqdH868-036000.jpg;True;False;Rehman;#000000;Hosny;#2196F3
media/images/029AwqdH868-036500.jpg;True;False;Rehman;#000000;Hosny;#2196F3
media/images/029AwqdH868-198073.jpg;False;False;Rehman;#000000;Hosny;#2196F3
media/images/029AwqdH868-198573.jpg;False;False;Rehman;#000000;Hosny;#2196F3
media/images/029AwqdH868-199073.jpg;False;False;Rehman;#000000;Hosny;#2196F3
media/images/029AwqdH868-199573.jpg;False;False;Rehman;#000000;;
media/images/029AwqdH868-200073.jpg;False;False;Rehman;#000000;Hosny;#2196F3
media/images/029AwqdH868-200573.jpg;False;False;Rehman;#000000;Hosny;#2196F3
media/images/029AwqdH868-201073.jpg;False;False;Rehman;#000000;Hosny;#2196F3
media/images/029AwqdH868-201573.jpg;False;False;Rehman;#000000;Hosny;#2196F3
media/images/029AwqdH868-202073.jpg;False;False;Rehman;#000000;Hosny;#2196F3
media/images/029AwqdH868-202573.jpg;False;False;Rehman;#000000;Hosny;#2196F3
media/images/029AwqdH868-211073.jpg;False;False;Rehman;#000000;Hosny;#2196F3
media/images/029AwqdH868-211573.jpg;True;False;Rehman;#000000;Hosny;#2196F3
media/images/029AwqdH868-212073.jpg;True;False;Rehman;#000000;Hosny;#2196F3
media/images/029AwqdH868-212573.jpg;True;False;Rehman;#000000;Hosny;#2196F3
media/images/029AwqdH868-213073.jpg;True;False;Rehman;#000000;Hosny;#2196F3
media/images/029AwqdH868-215573.jpg;True;False;Rehman;#000000;Hosny;#2196F3
media/images/029AwqdH868-216073.jpg;True;False;Rehman;#000000;Hosny;#2196F3
media/images/029AwqdH868-216573.jpg;True;False;Rehman;#000000;Hosny;#2196F3
media/images/029AwqdH868-217073.jpg;True;False;Rehman;#000000;Hosny;#2196F3
media/images/029AwqdH868-217573.jpg;True;False;Rehman;#000000;Hosny;#2196F3
media/images/029AwqdH868-218073.jpg;True;False;Rehman;#000000;Hosny;#2196F3
media/images/029AwqdH868-223073.jpg;True;False;Rehman;#000000;Hosny;#2196F3
media/images/029AwqdH868-224073.jpg;True;False;Rehman;#000000;Hosny;#2196F3
media/images/029AwqdH868-224573.jpg;True;False;Rehman;#000000;Hosny;#2196F3
media/images/029AwqdH868-225073.jpg;True;False;Rehman;#000000;Hosny;#2196F3
media/images/029AwqdH868-225573.jpg;True;False;Rehman;#000000;Hosny;#2196F3
media/images/029AwqdH868-226073.jpg;True;False;Rehman;#000000;Hosny;#2196F3
media/images/029AwqdH868-226573.jpg;True;False;Rehman;#000000;Hosny;#2196F3
media/images/029AwqdH868-227073.jpg;True;False;Rehman;#000000;Hosny;#2196F3
media/images/029AwqdH868-227573.jpg;True;False;Rehman;#000000;Hosny;#2196F3
media/images/029AwqdH868-228073.jpg;True;False;Rehman;#000000;Hosny;#2196F3
media/images/029AwqdH868-228573.jpg;True;False;Rehman;#000000;Hosny;#2196F3
media/images/029AwqdH868-229073.jpg;True;False;Rehman;#000000;Hosny;#2196F3
media/images/029AwqdH868-229573.jpg;True;False;Rehman;#000000;Hosny;#2196F3
media/images/029AwqdH868-230073.jpg;True;False;Rehman;#000000;Hosny;#2196F3
media/images/029AwqdH868-230573.jpg;True;False;Rehman;#000000;Hosny;#2196F3
media/images/029AwqdH868-231073.jpg;True;False;Rehman;#000000;Hosny;#2196F3
media/images/029AwqdH868-231573.jpg;True;False;Rehman;#000000;Hosny;#2196F3
media/images/029AwqdH868-232073.jpg;True;False;Rehman;#000000;Hosny;#2196F3
media/images/029AwqdH868-232573.jpg;True;False;Rehman;#000000;Hosny;#2196F3
media/images/029AwqdH868-233073.jpg;True;False;Rehman;#000000;Hosny;#2196F3
media/images/029AwqdH868-233573.jpg;True;False;Rehman;#000000;Hosny;#2196F3
media/images/029AwqdH868-234073.jpg;True;False;Rehman;#000000;Hosny;#2196F3
media/images/029AwqdH868-234573.jpg;True;False;Rehman;#000000;Hosny;#2196F3
media/images/029AwqdH868-235073.jpg;False;False;Rehman;#000000;Hosny;#2196F3
media/images/029AwqdH868-293146.jpg;True;False;Rehman;#000000;Hosny;#2196F3
media/images/029AwqdH868-293646.jpg;True;False;Rehman;#000000;Hosny;#2196F3
media/images/029AwqdH868-294146.jpg;True;False;Rehman;#000000;Hosny;#2196F3
media/images/029AwqdH868-294646.jpg;True;False;Rehman;#000000;Hosny;#2196F3
media/images/029AwqdH868-295146.jpg;True;False;Rehman;#000000;Hosny;#2196F3
media/images/029AwqdH868-295646.jpg;True;False;Rehman;#000000;Hosny;#2196F3
media/images/029AwqdH868-296146.jpg;True;False;Rehman;#000000;Hosny;#2196F3
media/images/029AwqdH868-299646.jpg;True;False;Rehman;#000000;Hosny;#2196F3
media/images/029AwqdH868-300146.jpg;True;False;Rehman;#000000;Hosny;#2196F3
media/images/029AwqdH868-300646.jpg;True;False;Rehman;#000000;Hosny;#2196F3
media/images/029AwqdH868-310146.jpg;True;False;Rehman;#000000;Hosny;#2196F3
media/images/029AwqdH868-316646.jpg;False;False;Rehman;#000000;Hosny;#2196F3
media/images/029AwqdH868-317146.jpg;False;False;Rehman;#000000;Hosny;#2196F3
media/images/029AwqdH868-317646.jpg;False;False;Rehman;#000000;Hosny;#2196F3
media/images/029AwqdH868-318146.jpg;False;False;Rehman;#000000;Hosny;#2196F3
media/images/029AwqdH868-318646.jpg;False;False;;;Hosny;#2196F3
media/images/029AwqdH868-319146.jpg;False;False;;;Hosny;#2196F3
media/images/029AwqdH868-319646.jpg;False;False;Rehman;#000000;Hosny;#2196F3
media/images/029AwqdH868-320146.jpg;False;False;Rehman;#000000;Hosny;#2196F3
media/images/1kUy7bkYNMg-000000.jpg;False;False;;;;
media/images/1kUy7bkYNMg-000500.jpg;False;False;;;;
media/images/1kUy7bkYNMg-001000.jpg;False;False;;;;
media/images/1kUy7bkYNMg-001500.jpg;False;False;;;;
media/images/1kUy7bkYNMg-002000.jpg;False;False;;;;
media/images/1kUy7bkYNMg-140347.jpg;False;False;Rinaldi;#000000;Sekera;#F44336
media/images/1kUy7bkYNMg-140847.jpg;False;False;Rinaldi;#000000;Sekera;#F44336
media/images/1kUy7bkYNMg-141347.jpg;False;False;Rinaldi;#000000;Sekera;#F44336
media/images/1kUy7bkYNMg-141847.jpg;False;False;Rinaldi;#000000;Sekera;#F44336
media/images/1kUy7bkYNMg-142347.jpg;False;False;Rinaldi;#000000;Sekera;#F44336
media/images/1kUy7bkYNMg-142847.jpg;False;False;Rinaldi;#000000;Sekera;#F44336
media/images/1kUy7bkYNMg-143347.jpg;False;False;Rinaldi;#000000;Sekera;#F44336
media/images/1kUy7bkYNMg-143847.jpg;False;False;Rinaldi;#000000;Sekera;#F44336
media/images/1kUy7bkYNMg-144347.jpg;False;False;Rinaldi;#000000;Sekera;#F44336
media/images/1kUy7bkYNMg-144847.jpg;False;False;Rinaldi;#000000;Sekera;#F44336
media/images/1kUy7bkYNMg-145347.jpg;False;False;Rinaldi;#000000;Sekera;#F44336
media/images/1kUy7bkYNMg-145847.jpg;False;False;Rinaldi;#000000;Sekera;#F44336
media/images/1kUy7bkYNMg-146347.jpg;False;False;Rinaldi;#000000;Sekera;#F44336
media/images/1kUy7bkYNMg-146847.jpg;False;False;Rinaldi;#000000;Sekera;#F44336
media/images/1kUy7bkYNMg-147347.jpg;False;False;Rinaldi;#000000;Sekera;#F44336
media/images/1kUy7bkYNMg-147847.jpg;False;False;Rinaldi;#000000;Sekera;#F44336
media/images/1kUy7bkYNMg-148347.jpg;False;False;Rinaldi;#000000;Sekera;#F44336
media/images/1kUy7bkYNMg-148847.jpg;False;False;Rinaldi;#000000;Sekera;#F44336
media/images/1kUy7bkYNMg-149347.jpg;False;False;Rinaldi;#000000;Sekera;#F44336
media/images/1kUy7bkYNMg-149847.jpg;False;False;Rinaldi;#000000;Sekera;#F44336
media/images/1kUy7bkYNMg-248373.jpg;False;False;Rinaldi;#000000;Sekera;#F44336
media/images/1kUy7bkYNMg-248873.jpg;False;False;Rinaldi;#000000;Sekera;#F44336
media/images/1kUy7bkYNMg-249373.jpg;False;False;Rinaldi;#000000;Sekera;#F44336
media/images/1kUy7bkYNMg-249873.jpg;False;False;Rinaldi;#000000;Sekera;#F44336
media/images/1kUy7bkYNMg-539841.jpg;True;False;Rinaldi;#000000;Sekera;#F44336
media/images/1kUy7bkYNMg-540341.jpg;True;False;Rinaldi;#000000;Sekera;#F44336
media/images/1kUy7bkYNMg-540841.jpg;True;False;Rinaldi;#000000;Sekera;#F44336
media/images/1kUy7bkYNMg-541341.jpg;True;False;Rinaldi;#000000;Sekera;#F44336
media/images/1kUy7bkYNMg-541841.jpg;True;False;Rinaldi;#000000;Sekera;#F44336
media/images/1kUy7bkYNMg-542341.jpg;True;False;Rinaldi;#000000;Sekera;#F44336
media/images/1kUy7bkYNMg-542841.jpg;True;False;Rinaldi;#000000;Sekera;#F44336
media/images/1kUy7bkYNMg-543341.jpg;True;False;Rinaldi;#000000;Sekera;#F44336
media/images/1kUy7bkYNMg-543841.jpg;False;False;Rinaldi;#000000;Sekera;#F44336
media/images/1kUy7bkYNMg-544341.jpg;False;False;Rinaldi;#000000;Sekera;#F44336
media/images/1kUy7bkYNMg-550341.jpg;False;False;Rinaldi;#000000;Sekera;#F44336
media/images/1kUy7bkYNMg-550841.jpg;False;False;Rinaldi;#000000;Sekera;#F44336
media/images/1kUy7bkYNMg-551341.jpg;True;False;Rinaldi;#000000;Sekera;#F44336
media/images/1kUy7bkYNMg-551841.jpg;True;False;Rinaldi;#000000;Sekera;#F44336
media/images/1kUy7bkYNMg-552341.jpg;True;False;Rinaldi;#000000;Sekera;#F44336
media/images/1kUy7bkYNMg-552841.jpg;True;False;Rinaldi;#000000;Sekera;#F44336
media/images/1kUy7bkYNMg-553341.jpg;True;False;Rinaldi;#000000;Sekera;#F44336
media/images/1kUy7bkYNMg-553841.jpg;True;False;Rinaldi;#000000;Sekera;#F44336
media/images/1kUy7bkYNMg-554341.jpg;True;False;Rinaldi;#000000;Sekera;#F44336
media/images/1kUy7bkYNMg-554841.jpg;True;False;Rinaldi;#000000;Sekera;#F44336
media/images/1kUy7bkYNMg-555341.jpg;True;False;Rinaldi;#000000;Sekera;#F44336
media/images/1kUy7bkYNMg-555841.jpg;True;False;Rinaldi;#000000;Sekera;#F44336
media/images/1kUy7bkYNMg-556341.jpg;True;False;Rinaldi;#000000;Sekera;#F44336
media/images/1kUy7bkYNMg-556841.jpg;True;False;Rinaldi;#000000;Sekera;#F44336
media/images/1kUy7bkYNMg-557341.jpg;True;False;Rinaldi;#000000;Sekera;#F44336
media/images/1kUy7bkYNMg-557841.jpg;True;False;Rinaldi;#000000;Sekera;#F44336
media/images/1kUy7bkYNMg-558341.jpg;True;False;Rinaldi;#000000;Sekera;#F44336
media/images/1kUy7bkYNMg-558841.jpg;False;False;Rinaldi;#000000;Sekera;#F44336
media/images/1kUy7bkYNMg-559341.jpg;False;False;Rinaldi;#000000;Sekera;#F44336
media/images/1kUy7bkYNMg-559841.jpg;False;False;Rinaldi;#000000;Sekera;#F44336
media/images/1kUy7bkYNMg-560341.jpg;False;False;Rinaldi;#000000;Sekera;#F44336
media/images/1kUy7bkYNMg-560841.jpg;False;False;Rinaldi;#000000;Sekera;#F44336
media/images/1kUy7bkYNMg-561341.jpg;False;False;Rinaldi;#000000;Sekera;#F44336
media/images/1kUy7bkYNMg-561841.jpg;False;False;Rinaldi;#000000;Sekera;#F44336
media/images/1kUy7bkYNMg-562341.jpg;False;False;Rinaldi;#000000;Sekera;#F44336
media/images/1kUy7bkYNMg-571841.jpg;True;False;Rinaldi;#000000;Sekera;#F44336
media/images/1kUy7bkYNMg-572341.jpg;True;False;Rinaldi;#000000;Sekera;#F44336
media/images/1kUy7bkYNMg-572841.jpg;True;False;Rinaldi;#000000;Sekera;#F44336
media/images/1kUy7bkYNMg-573341.jpg;True;False;Rinaldi;#000000;Sekera;#F44336
media/images/1kUy7bkYNMg-576841.jpg;False;False;Rinaldi;#000000;Sekera;#F44336
media/images/1kUy7bkYNMg-577341.jpg;False;False;Rinaldi;#000000;Sekera;#F44336
media/images/1kUy7bkYNMg-577841.jpg;False;False;Rinaldi;#000000;Sekera;#F44336
media/images/1kUy7bkYNMg-578341.jpg;False;False;Rinaldi;#000000;Sekera;#F44336
media/images/1kUy7bkYNMg-578841.jpg;False;False;Rinaldi;#000000;Sekera;#F44336
media/images/1kUy7bkYNMg-579341.jpg;False;False;Rinaldi;#000000;Sekera;#F44336
media/images/1kUy7bkYNMg-579841.jpg;False;False;Rinaldi;#000000;Sekera;#F44336
media/images/1kUy7bkYNMg-623945.jpg;False;False;Rinaldi;#000000;Sekera;#F44336
media/images/1kUy7bkYNMg-624445.jpg;False;False;Rinaldi;#000000;Sekera;#F44336
media/images/1kUy7bkYNMg-624945.jpg;True;False;Rinaldi;#000000;Sekera;#F44336
media/images/1kUy7bkYNMg-625445.jpg;True;False;Rinaldi;#000000;Sekera;#F44336
media/images/1kUy7bkYNMg-625945.jpg;True;False;Rinaldi;#000000;Sekera;#F44336
media/images/1kUy7bkYNMg-626445.jpg;True;False;Rinaldi;#000000;Sekera;#F44336
media/images/1kUy7bkYNMg-626945.jpg;True;False;Rinaldi;#000000;Sekera;#F44336
media/images/1kUy7bkYNMg-627445.jpg;True;False;Rinaldi;#000000;Sekera;#F44336
media/images/1kUy7bkYNMg-653657.jpg;True;False;Rinaldi;#000000;Sekera;#F44336
media/images/1kUy7bkYNMg-654157.jpg;True;False;Rinaldi;#000000;Sekera;#F44336
media/images/1kUy7bkYNMg-654657.jpg;True;False;Rinaldi;#000000;Sekera;#F44336
media/images/1kUy7bkYNMg-655157.jpg;True;False;Rinaldi;#000000;Sekera;#F44336
media/images/1kUy7bkYNMg-655657.jpg;True;False;Rinaldi;#000000;Sekera;#F44336
media/images/1kUy7bkYNMg-656157.jpg;True;False;Rinaldi;#000000;Sekera;#F44336
media/images/1kUy7bkYNMg-656657.jpg;True;False;Rinaldi;#000000;Sekera;#F44336
media/images/4SUAaJp3z5A-000000.jpg;False;False;;;;
media/images/4SUAaJp3z5A-000500.jpg;False;False;;;;
media/images/4SUAaJp3z5A-001000.jpg;False;False;;;;
media/images/4SUAaJp3z5A-001500.jpg;False;False;;;;
media/images/4SUAaJp3z5A-003500.jpg;False;False;;;;
media/images/4SUAaJp3z5A-004500.jpg;False;False;;;;
media/images/4SUAaJp3z5A-013127.jpg;False;False;;;;
media/images/4SUAaJp3z5A-014627.jpg;False;False;;;;
media/images/4SUAaJp3z5A-017127.jpg;False;False;Tomlinson;#2196F3;Gilis;#FFFFFF
media/images/4SUAaJp3z5A-017627.jpg;False;False;Tomlinson;#2196F3;Gilis;#FFFFFF
media/images/4SUAaJp3z5A-018127.jpg;False;False;Tomlinson;#2196F3;Gilis;#FFFFFF
media/images/4SUAaJp3z5A-018627.jpg;False;False;Tomlinson;#2196F3;Gilis;#FFFFFF
media/images/4SUAaJp3z5A-019127.jpg;False;False;Tomlinson;#2196F3;Gilis;#FFFFFF
media/images/4SUAaJp3z5A-019627.jpg;False;False;Tomlinson;#2196F3;Gilis;#FFFFFF
media/images/4SUAaJp3z5A-020127.jpg;False;False;Tomlinson;#2196F3;Gilis;#FFFFFF
media/images/4SUAaJp3z5A-020627.jpg;False;False;Tomlinson;#2196F3;Gilis;#FFFFFF
media/images/4SUAaJp3z5A-021127.jpg;False;False;Tomlinson;#2196F3;Gilis;#FFFFFF
media/images/4SUAaJp3z5A-021627.jpg;False;False;Tomlinson;#2196F3;Gilis;#FFFFFF
media/images/4SUAaJp3z5A-022127.jpg;False;False;Tomlinson;#2196F3;Gilis;#FFFFFF
media/images/4SUAaJp3z5A-022627.jpg;False;False;Tomlinson;#2196F3;Gilis;#FFFFFF
media/images/4SUAaJp3z5A-023127.jpg;False;False;Tomlinson;#2196F3;Gilis;#FFFFFF
media/images/4SUAaJp3z5A-023627.jpg;False;False;Tomlinson;#2196F3;Gilis;#FFFFFF
media/images/4SUAaJp3z5A-033127.jpg;False;False;Tomlinson;#2196F3;Gilis;#FFFFFF
media/images/4SUAaJp3z5A-033627.jpg;False;False;Tomlinson;#2196F3;Gilis;#FFFFFF
media/images/4SUAaJp3z5A-034627.jpg;False;False;Tomlinson;#2196F3;Gilis;#FFFFFF
media/images/4SUAaJp3z5A-035127.jpg;False;False;Tomlinson;#2196F3;Gilis;#FFFFFF
media/images/4SUAaJp3z5A-035627.jpg;True;False;Tomlinson;#2196F3;Gilis;#FFFFFF
media/images/4SUAaJp3z5A-036127.jpg;True;False;Tomlinson;#2196F3;Gilis;#FFFFFF
media/images/4SUAaJp3z5A-036627.jpg;True;False;Tomlinson;#2196F3;Gilis;#FFFFFF
media/images/4SUAaJp3z5A-037127.jpg;True;False;Tomlinson;#2196F3;Gilis;#FFFFFF
media/images/4SUAaJp3z5A-037627.jpg;True;False;Tomlinson;#2196F3;Gilis;#FFFFFF
media/images/4SUAaJp3z5A-038127.jpg;False;False;Tomlinson;#2196F3;Gilis;#FFFFFF
media/images/4SUAaJp3z5A-038627.jpg;False;False;Tomlinson;#2196F3;Gilis;#FFFFFF
media/images/4SUAaJp3z5A-039127.jpg;False;False;Tomlinson;#2196F3;Gilis;#FFFFFF
media/images/4SUAaJp3z5A-039627.jpg;False;False;Tomlinson;#2196F3;Gilis;#FFFFFF
media/images/4SUAaJp3z5A-040127.jpg;False;False;Tomlinson;#2196F3;Gilis;#FFFFFF
media/images/4SUAaJp3z5A-040627.jpg;False;False;Tomlinson;#2196F3;Gilis;#FFFFFF
media/images/4SUAaJp3z5A-041127.jpg;False;False;Tomlinson;#2196F3;Gilis;#FFFFFF
media/images/4SUAaJp3z5A-041627.jpg;False;False;Tomlinson;#2196F3;Gilis;#FFFFFF
media/images/4SUAaJp3z5A-042127.jpg;False;False;Tomlinson;#2196F3;Gilis;#FFFFFF
media/images/4SUAaJp3z5A-042627.jpg;False;False;Tomlinson;#2196F3;Gilis;#FFFFFF
media/images/4SUAaJp3z5A-044627.jpg;False;False;Tomlinson;#2196F3;Gilis;#FFFFFF
media/images/4SUAaJp3z5A-045127.jpg;False;False;Tomlinson;#2196F3;Gilis;#FFFFFF
media/images/4SUAaJp3z5A-045627.jpg;False;False;;;;
media/images/4SUAaJp3z5A-046127.jpg;False;False;Tomlinson;#2196F3;Gilis;#FFFFFF
media/images/4SUAaJp3z5A-046627.jpg;False;False;Tomlinson;#2196F3;Gilis;#FFFFFF
media/images/4SUAaJp3z5A-047127.jpg;False;False;Tomlinson;#2196F3;Gilis;#FFFFFF
media/images/4SUAaJp3z5A-047260.jpg;False;False;Tomlinson;#2196F3;Gilis;#FFFFFF
media/images/4SUAaJp3z5A-047627.jpg;False;False;Tomlinson;#2196F3;Gilis;#FFFFFF
media/images/4SUAaJp3z5A-048127.jpg;False;False;Tomlinson;#2196F3;Gilis;#FFFFFF
media/images/4SUAaJp3z5A-048627.jpg;True;False;Tomlinson;#2196F3;Gilis;#FFFFFF
media/images/4SUAaJp3z5A-049127.jpg;True;False;Tomlinson;#2196F3;Gilis;#FFFFFF
media/images/4SUAaJp3z5A-049627.jpg;True;False;Tomlinson;#2196F3;Gilis;#FFFFFF
media/images/4SUAaJp3z5A-050127.jpg;True;False;Tomlinson;#2196F3;Gilis;#FFFFFF
media/images/4SUAaJp3z5A-050627.jpg;True;False;Tomlinson;#2196F3;Gilis;#FFFFFF
media/images/4SUAaJp3z5A-051127.jpg;True;False;Tomlinson;#2196F3;Gilis;#FFFFFF
media/images/4SUAaJp3z5A-051627.jpg;True;False;Tomlinson;#2196F3;Gilis;#FFFFFF
media/images/4SUAaJp3z5A-052127.jpg;True;False;Tomlinson;#2196F3;Gilis;#FFFFFF
media/images/4SUAaJp3z5A-052627.jpg;True;False;Tomlinson;#2196F3;Gilis;#FFFFFF
media/images/4SUAaJp3z5A-053127.jpg;True;False;Tomlinson;#2196F3;Gilis;#FFFFFF
media/images/4SUAaJp3z5A-053627.jpg;True;False;Tomlinson;#2196F3;Gilis;#FFFFFF
media/images/4SUAaJp3z5A-054127.jpg;True;False;Tomlinson;#2196F3;Gilis;#FFFFFF
media/images/4SUAaJp3z5A-054627.jpg;True;False;Tomlinson;#2196F3;Gilis;#FFFFFF
media/images/4SUAaJp3z5A-055127.jpg;True;False;Tomlinson;#2196F3;Gilis;#FFFFFF
media/images/4SUAaJp3z5A-055627.jpg;True;False;Tomlinson;#2196F3;Gilis;#FFFFFF
media/images/4SUAaJp3z5A-056127.jpg;True;False;Tomlinson;#2196F3;Gilis;#FFFFFF
media/images/4SUAaJp3z5A-484280.jpg;False;False;Tomlinson;#2196F3;Gilis;#FFFFFF
media/images/4SUAaJp3z5A-484780.jpg;False;False;Tomlinson;#2196F3;Gilis;#FFFFFF
media/images/4SUAaJp3z5A-485280.jpg;False;False;Tomlinson;#2196F3;Gilis;#FFFFFF
media/images/4SUAaJp3z5A-485780.jpg;False;False;Tomlinson;#2196F3;Gilis;#FFFFFF
media/images/4SUAaJp3z5A-486280.jpg;False;False;Tomlinson;#2196F3;Gilis;#FFFFFF
media/images/4SUAaJp3z5A-487780.jpg;False;False;Tomlinson;#2196F3;Gilis;#FFFFFF
media/images/4SUAaJp3z5A-488780.jpg;False;False;Tomlinson;#2196F3;Gilis;#FFFFFF
media/images/4SUAaJp3z5A-489280.jpg;True;False;Tomlinson;#2196F3;Gilis;#FFFFFF
media/images/4SUAaJp3z5A-489780.jpg;True;False;Tomlinson;#2196F3;Gilis;#FFFFFF
media/images/4SUAaJp3z5A-490280.jpg;True;False;Tomlinson;#2196F3;Gilis;#FFFFFF
media/images/4SUAaJp3z5A-490780.jpg;True;False;Tomlinson;#2196F3;Gilis;#FFFFFF
media/images/4SUAaJp3z5A-491280.jpg;True;False;Tomlinson;#2196F3;Gilis;#FFFFFF
media/images/4SUAaJp3z5A-491780.jpg;True;False;Tomlinson;#2196F3;Gilis;#FFFFFF
media/images/4SUAaJp3z5A-492280.jpg;True;False;Tomlinson;#2196F3;Gilis;#FFFFFF
media/images/4SUAaJp3z5A-492780.jpg;True;False;Tomlinson;#2196F3;Gilis;#FFFFFF
media/images/4SUAaJp3z5A-493280.jpg;True;False;Tomlinson;#2196F3;Gilis;#FFFFFF
media/images/4SUAaJp3z5A-493780.jpg;True;False;Tomlinson;#2196F3;Gilis;#FFFFFF
media/images/4SUAaJp3z5A-494280.jpg;True;False;Tomlinson;#2196F3;Gilis;#FFFFFF
media/images/4SUAaJp3z5A-494780.jpg;True;False;Tomlinson;#2196F3;Gilis;#FFFFFF
media/images/4SUAaJp3z5A-495280.jpg;True;False;Tomlinson;#2196F3;Gilis;#FFFFFF
media/images/4SUAaJp3z5A-495780.jpg;True;False;Tomlinson;#2196F3;Gilis;#FFFFFF
media/images/4SUAaJp3z5A-496280.jpg;True;False;Tomlinson;#2196F3;Gilis;#FFFFFF
media/images/4SUAaJp3z5A-496780.jpg;True;False;Tomlinson;#2196F3;Gilis;#FFFFFF
media/images/4SUAaJp3z5A-497280.jpg;True;False;Tomlinson;#2196F3;Gilis;#FFFFFF
media/images/4SUAaJp3z5A-497780.jpg;True;False;Tomlinson;#2196F3;Gilis;#FFFFFF
media/images/4SUAaJp3z5A-498280.jpg;True;False;Tomlinson;#2196F3;Gilis;#FFFFFF
media/images/4SUAaJp3z5A-498780.jpg;True;False;Tomlinson;#2196F3;Gilis;#FFFFFF
media/images/4SUAaJp3z5A-499280.jpg;True;False;Tomlinson;#2196F3;Gilis;#FFFFFF
media/images/4SUAaJp3z5A-499780.jpg;True;False;Tomlinson;#2196F3;Gilis;#FFFFFF
media/images/4SUAaJp3z5A-500280.jpg;True;False;Tomlinson;#2196F3;Gilis;#FFFFFF
media/images/4SUAaJp3z5A-500780.jpg;True;False;Tomlinson;#2196F3;Gilis;#FFFFFF
media/images/4SUAaJp3z5A-501280.jpg;True;False;Tomlinson;#2196F3;Gilis;#FFFFFF
media/images/4SUAaJp3z5A-501780.jpg;True;False;Tomlinson;#2196F3;Gilis;#FFFFFF
media/images/4SUAaJp3z5A-502280.jpg;True;False;Tomlinson;#2196F3;Gilis;#FFFFFF
media/images/4SUAaJp3z5A-502780.jpg;True;False;Tomlinson;#2196F3;Gilis;#FFFFFF
media/images/4SUAaJp3z5A-503280.jpg;True;False;Tomlinson;#2196F3;Gilis;#FFFFFF
media/images/4SUAaJp3z5A-503780.jpg;True;False;Tomlinson;#2196F3;Gilis;#FFFFFF
media/images/4SUAaJp3z5A-504280.jpg;True;False;Tomlinson;#2196F3;Gilis;#FFFFFF
media/images/4SUAaJp3z5A-504780.jpg;True;False;Tomlinson;#2196F3;Gilis;#FFFFFF
media/images/4SUAaJp3z5A-505280.jpg;True;False;Tomlinson;#2196F3;Gilis;#FFFFFF
media/images/4SUAaJp3z5A-505780.jpg;True;False;Tomlinson;#2196F3;Gilis;#FFFFFF
media/images/4SUAaJp3z5A-506280.jpg;True;False;Tomlinson;#2196F3;Gilis;#FFFFFF
media/images/4SUAaJp3z5A-506780.jpg;True;False;Tomlinson;#2196F3;Gilis;#FFFFFF
media/images/4SUAaJp3z5A-507280.jpg;True;False;Tomlinson;#2196F3;Gilis;#FFFFFF
media/images/4SUAaJp3z5A-507780.jpg;True;False;Tomlinson;#2196F3;Gilis;#FFFFFF
media/images/4SUAaJp3z5A-508280.jpg;True;False;Tomlinson;#2196F3;Gilis;#FFFFFF
media/images/4SUAaJp3z5A-508780.jpg;False;False;Tomlinson;#2196F3;Gilis;#FFFFFF
media/images/4SUAaJp3z5A-509280.jpg;False;False;Tomlinson;#2196F3;Gilis;#FFFFFF
media/images/4SUAaJp3z5A-509780.jpg;False;False;Tomlinson;#2196F3;Gilis;#FFFFFF
media/images/4SUAaJp3z5A-510280.jpg;False;False;Tomlinson;#2196F3;Gilis;#FFFFFF
media/images/4SUAaJp3z5A-510780.jpg;False;False;Tomlinson;#2196F3;Gilis;#FFFFFF
media/images/4SUAaJp3z5A-511280.jpg;False;False;Tomlinson;#2196F3;Gilis;#FFFFFF
media/images/4SUAaJp3z5A-511780.jpg;False;False;Tomlinson;#2196F3;Gilis;#FFFFFF
media/images/4SUAaJp3z5A-512280.jpg;False;False;Tomlinson;#2196F3;Gilis;#FFFFFF
media/images/4SUAaJp3z5A-512780.jpg;False;False;Tomlinson;#2196F3;Gilis;#FFFFFF
media/images/4SUAaJp3z5A-513280.jpg;False;False;Tomlinson;#2196F3;Gilis;#FFFFFF
media/images/4SUAaJp3z5A-513780.jpg;False;False;Tomlinson;#2196F3;Gilis;#FFFFFF
media/images/4SUAaJp3z5A-514280.jpg;False;False;Tomlinson;#2196F3;Gilis;#FFFFFF
media/images/4SUAaJp3z5A-514780.jpg;False;False;Tomlinson;#2196F3;Gilis;#FFFFFF
media/images/4SUAaJp3z5A-515280.jpg;False;False;Tomlinson;#2196F3;Gilis;#FFFFFF
media/images/4SUAaJp3z5A-515780.jpg;False;False;Tomlinson;#2196F3;Gilis;#FFFFFF
media/images/4SUAaJp3z5A-516280.jpg;False;False;Tomlinson;#2196F3;Gilis;#FFFFFF
media/images/4SUAaJp3z5A-516780.jpg;False;False;Tomlinson;#2196F3;Gilis;#FFFFFF
media/images/4SUAaJp3z5A-517280.jpg;False;False;Tomlinson;#2196F3;Gilis;#FFFFFF
media/images/4SUAaJp3z5A-517780.jpg;False;False;Tomlinson;#2196F3;Gilis;#FFFFFF
media/images/4SUAaJp3z5A-518280.jpg;False;False;Tomlinson;#2196F3;Gilis;#FFFFFF
media/images/4SUAaJp3z5A-518780.jpg;False;False;Tomlinson;#2196F3;Gilis;#FFFFFF
media/images/4SUAaJp3z5A-519280.jpg;True;False;Tomlinson;#2196F3;Gilis;#FFFFFF
media/images/4SUAaJp3z5A-519780.jpg;True;False;Tomlinson;#2196F3;Gilis;#FFFFFF
media/images/4SUAaJp3z5A-520280.jpg;True;False;Tomlinson;#2196F3;Gilis;#FFFFFF
media/images/4SUAaJp3z5A-520780.jpg;True;False;Tomlinson;#2196F3;Gilis;#FFFFFF
media/images/4SUAaJp3z5A-521280.jpg;True;False;Tomlinson;#2196F3;Gilis;#FFFFFF
media/images/4SUAaJp3z5A-521780.jpg;True;False;Tomlinson;#2196F3;Gilis;#FFFFFF
media/images/4SUAaJp3z5A-522280.jpg;False;False;Tomlinson;#2196F3;Gilis;#FFFFFF
media/images/4SUAaJp3z5A-522780.jpg;False;False;Tomlinson;#2196F3;Gilis;#FFFFFF
media/images/4SUAaJp3z5A-523280.jpg;False;False;Tomlinson;#2196F3;Gilis;#FFFFFF
media/images/4SUAaJp3z5A-523780.jpg;False;False;Tomlinson;#2196F3;Gilis;#FFFFFF
media/images/4SUAaJp3z5A-524280.jpg;False;False;Tomlinson;#2196F3;Gilis;#FFFFFF
media/images/4SUAaJp3z5A-524780.jpg;False;False;Tomlinson;#2196F3;Gilis;#FFFFFF
media/images/4SUAaJp3z5A-525280.jpg;False;False;Tomlinson;#2196F3;Gilis;#FFFFFF
media/images/4SUAaJp3z5A-525780.jpg;False;False;Tomlinson;#2196F3;Gilis;#FFFFFF
media/images/4SUAaJp3z5A-526280.jpg;False;False;Tomlinson;#2196F3;Gilis;#FFFFFF
media/images/4SUAaJp3z5A-526780.jpg;False;False;Tomlinson;#2196F3;Gilis;#FFFFFF
media/images/4SUAaJp3z5A-527280.jpg;False;False;Tomlinson;#2196F3;Gilis;#FFFFFF
media/images/4SUAaJp3z5A-527780.jpg;False;False;Tomlinson;#2196F3;Gilis;#FFFFFF
media/images/4SUAaJp3z5A-528280.jpg;False;False;Tomlinson;#2196F3;Gilis;#FFFFFF
media/images/4SUAaJp3z5A-528780.jpg;False;False;Tomlinson;#2196F3;Gilis;#FFFFFF
media/images/4SUAaJp3z5A-529280.jpg;False;False;Tomlinson;#2196F3;Gilis;#FFFFFF
media/images/4SUAaJp3z5A-529780.jpg;False;False;Tomlinson;#2196F3;Gilis;#FFFFFF
media/images/4SUAaJp3z5A-530280.jpg;False;False;Tomlinson;#2196F3;Gilis;#FFFFFF
media/images/4SUAaJp3z5A-530780.jpg;False;False;Tomlinson;#2196F3;Gilis;#FFFFFF
media/images/4SUAaJp3z5A-531280.jpg;True;False;Tomlinson;#2196F3;Gilis;#FFFFFF
media/images/4SUAaJp3z5A-531780.jpg;True;False;Tomlinson;#2196F3;Gilis;#FFFFFF
media/images/4SUAaJp3z5A-532280.jpg;False;False;Tomlinson;#2196F3;Gilis;#FFFFFF
media/images/4SUAaJp3z5A-532780.jpg;False;False;Tomlinson;#2196F3;Gilis;#FFFFFF
media/images/4SUAaJp3z5A-533280.jpg;False;False;Tomlinson;#2196F3;Gilis;#FFFFFF
media/images/4SUAaJp3z5A-533780.jpg;False;False;Tomlinson;#2196F3;Gilis;#FFFFFF
media/images/4SUAaJp3z5A-534280.jpg;False;False;Tomlinson;#2196F3;Gilis;#FFFFFF
media/images/4SUAaJp3z5A-534780.jpg;False;False;Tomlinson;#2196F3;Gilis;#FFFFFF
media/images/4SUAaJp3z5A-535280.jpg;False;False;Tomlinson;#2196F3;Gilis;#FFFFFF
media/images/4SUAaJp3z5A-535780.jpg;True;False;Tomlinson;#2196F3;Gilis;#FFFFFF
media/images/4SUAaJp3z5A-536280.jpg;True;False;Tomlinson;#2196F3;Gilis;#FFFFFF
media/images/4SUAaJp3z5A-536780.jpg;True;False;Tomlinson;#2196F3;Gilis;#FFFFFF
media/images/4SUAaJp3z5A-537280.jpg;True;False;Tomlinson;#2196F3;Gilis;#FFFFFF
media/images/4SUAaJp3z5A-537780.jpg;True;False;Tomlinson;#2196F3;Gilis;#FFFFFF
media/images/4SUAaJp3z5A-538280.jpg;True;False;Tomlinson;#2196F3;Gilis;#FFFFFF
media/images/4SUAaJp3z5A-538780.jpg;True;False;Tomlinson;#2196F3;Gilis;#FFFFFF
media/images/4SUAaJp3z5A-539280.jpg;True;False;Tomlinson;#2196F3;Gilis;#FFFFFF
media/images/4SUAaJp3z5A-539780.jpg;True;False;Tomlinson;#2196F3;Gilis;#FFFFFF
media/images/4SUAaJp3z5A-540280.jpg;True;False;Tomlinson;#2196F3;Gilis;#FFFFFF
media/images/4SUAaJp3z5A-540780.jpg;True;False;Tomlinson;#2196F3;Gilis;#FFFFFF
media/images/4SUAaJp3z5A-541280.jpg;True;False;Tomlinson;#2196F3;Gilis;#FFFFFF
media/images/4SUAaJp3z5A-541780.jpg;True;False;Tomlinson;#2196F3;Gilis;#FFFFFF
media/images/4SUAaJp3z5A-542280.jpg;True;False;Tomlinson;#2196F3;Gilis;#FFFFFF
media/images/4SUAaJp3z5A-542780.jpg;True;False;Tomlinson;#2196F3;Gilis;#FFFFFF
media/images/4SUAaJp3z5A-543280.jpg;True;False;Tomlinson;#2196F3;Gilis;#FFFFFF
media/images/4SUAaJp3z5A-543780.jpg;True;False;Tomlinson;#2196F3;Gilis;#FFFFFF
media/images/4SUAaJp3z5A-544280.jpg;True;False;Tomlinson;#2196F3;Gilis;#FFFFFF
media/images/4SUAaJp3z5A-544780.jpg;True;False;Tomlinson;#2196F3;Gilis;#FFFFFF
media/images/4SUAaJp3z5A-545280.jpg;True;False;Tomlinson;#2196F3;Gilis;#FFFFFF
media/images/4SUAaJp3z5A-545780.jpg;True;False;Tomlinson;#2196F3;Gilis;#FFFFFF
media/images/4SUAaJp3z5A-546280.jpg;True;False;Tomlinson;#2196F3;Gilis;#FFFFFF
media/images/4SUAaJp3z5A-546780.jpg;True;False;Tomlinson;#2196F3;Gilis;#FFFFFF
media/images/4SUAaJp3z5A-547280.jpg;True;False;Tomlinson;#2196F3;Gilis;#FFFFFF
media/images/4SUAaJp3z5A-547780.jpg;True;False;Tomlinson;#2196F3;Gilis;#FFFFFF
media/images/4SUAaJp3z5A-548280.jpg;False;False;Tomlinson;#2196F3;Gilis;#FFFFFF
media/images/4SUAaJp3z5A-548780.jpg;False;False;Tomlinson;#2196F3;Gilis;#FFFFFF
media/images/4SUAaJp3z5A-549280.jpg;False;False;Tomlinson;#2196F3;Gilis;#FFFFFF
media/images/4SUAaJp3z5A-549780.jpg;False;False;Tomlinson;#2196F3;Gilis;#FFFFFF
media/images/4SUAaJp3z5A-550280.jpg;False;False;Tomlinson;#2196F3;Gilis;#FFFFFF
media/images/4SUAaJp3z5A-550780.jpg;False;False;Tomlinson;#2196F3;Gilis;#FFFFFF
media/images/4SUAaJp3z5A-551280.jpg;False;False;Tomlinson;#2196F3;Gilis;#FFFFFF
media/images/4SUAaJp3z5A-551780.jpg;False;False;Tomlinson;#2196F3;Gilis;#FFFFFF
media/images/4SUAaJp3z5A-552280.jpg;False;False;Tomlinson;#2196F3;Gilis;#FFFFFF
media/images/4SUAaJp3z5A-552780.jpg;False;False;Tomlinson;#2196F3;Gilis;#FFFFFF
media/images/4SUAaJp3z5A-553280.jpg;False;False;Tomlinson;#2196F3;Gilis;#FFFFFF
media/images/4SUAaJp3z5A-553780.jpg;False;False;Tomlinson;#2196F3;Gilis;#FFFFFF
media/images/4SUAaJp3z5A-554280.jpg;False;False;Tomlinson;#2196F3;Gilis;#FFFFFF
media/images/4SUAaJp3z5A-554780.jpg;False;False;Tomlinson;#2196F3;Gilis;#FFFFFF
media/images/4SUAaJp3z5A-555280.jpg;True;True;Tomlinson;#2196F3;Gilis;#FFFFFF
media/images/4SUAaJp3z5A-555780.jpg;True;True;Tomlinson;#2196F3;Gilis;#FFFFFF
media/images/4SUAaJp3z5A-556280.jpg;True;True;Tomlinson;#2196F3;Gilis;#FFFFFF
media/images/4SUAaJp3z5A-556780.jpg;False;True;;;;
media/images/4SUAaJp3z5A-557280.jpg;False;True;;;;
media/images/4SUAaJp3z5A-557780.jpg;False;False;Tomlinson;#2196F3;Gilis;#FFFFFF
media/images/4SUAaJp3z5A-558280.jpg;False;False;Tomlinson;#2196F3;Gilis;#FFFFFF
media/images/4SUAaJp3z5A-558780.jpg;False;False;Tomlinson;#2196F3;Gilis;#FFFFFF
media/images/4SUAaJp3z5A-559280.jpg;False;False;Tomlinson;#2196F3;Gilis;#FFFFFF
media/images/4SUAaJp3z5A-559780.jpg;False;False;Tomlinson;#2196F3;Gilis;#FFFFFF
media/images/4SUAaJp3z5A-560280.jpg;False;False;Tomlinson;#2196F3;Gilis;#FFFFFF
media/images/4SUAaJp3z5A-560780.jpg;False;False;Tomlinson;#2196F3;Gilis;#FFFFFF
media/images/4SUAaJp3z5A-561280.jpg;False;False;Tomlinson;#2196F3;Gilis;#FFFFFF
media/images/4SUAaJp3z5A-561780.jpg;False;False;Tomlinson;#2196F3;Gilis;#FFFFFF
media/images/4SUAaJp3z5A-562280.jpg;False;False;Tomlinson;#2196F3;Gilis;#FFFFFF
media/images/4SUAaJp3z5A-562780.jpg;False;True;;;;
media/images/4SUAaJp3z5A-563280.jpg;False;True;;;;
media/images/4SUAaJp3z5A-565780.jpg;True;True;Tomlinson;#2196F3;Gilis;#FFFFFF
media/images/4SUAaJp3z5A-566280.jpg;True;True;Tomlinson;#2196F3;Gilis;#FFFFFF
media/images/4SUAaJp3z5A-566780.jpg;True;True;Tomlinson;#2196F3;Gilis;#FFFFFF
media/images/4SUAaJp3z5A-567280.jpg;True;True;Tomlinson;#2196F3;Gilis;#FFFFFF
media/images/4SUAaJp3z5A-567780.jpg;True;True;Tomlinson;#2196F3;Gilis;#FFFFFF
media/images/4SUAaJp3z5A-568280.jpg;True;True;Tomlinson;#2196F3;Gilis;#FFFFFF
media/images/4SUAaJp3z5A-568780.jpg;True;True;Tomlinson;#2196F3;Gilis;#FFFFFF
media/images/4SUAaJp3z5A-569280.jpg;True;True;Tomlinson;#2196F3;Gilis;#FFFFFF
media/images/4SUAaJp3z5A-569780.jpg;True;True;Tomlinson;#2196F3;Gilis;#FFFFFF
media/images/4SUAaJp3z5A-570280.jpg;True;True;Tomlinson;#2196F3;Gilis;#FFFFFF
media/images/4SUAaJp3z5A-570780.jpg;True;True;Tomlinson;#2196F3;Gilis;#FFFFFF
media/images/4SUAaJp3z5A-571280.jpg;True;True;Tomlinson;#2196F3;Gilis;#FFFFFF
media/images/4SUAaJp3z5A-571780.jpg;True;True;Tomlinson;#2196F3;Gilis;#FFFFFF
media/images/4SUAaJp3z5A-572280.jpg;True;True;Tomlinson;#2196F3;Gilis;#FFFFFF
media/images/4SUAaJp3z5A-572780.jpg;True;True;Tomlinson;#2196F3;Gilis;#FFFFFF
media/images/4SUAaJp3z5A-573280.jpg;True;True;Tomlinson;#2196F3;Gilis;#FFFFFF
media/images/4SUAaJp3z5A-573780.jpg;True;True;Tomlinson;#2196F3;Gilis;#FFFFFF
media/images/4SUAaJp3z5A-574280.jpg;True;True;Tomlinson;#2196F3;Gilis;#FFFFFF
media/images/4SUAaJp3z5A-574780.jpg;False;True;Tomlinson;#2196F3;Gilis;#FFFFFF
media/images/4SUAaJp3z5A-575280.jpg;False;True;Tomlinson;#2196F3;Gilis;#FFFFFF
media/images/4SUAaJp3z5A-575780.jpg;False;True;Tomlinson;#2196F3;Gilis;#FFFFFF
media/images/4SUAaJp3z5A-576280.jpg;False;True;Tomlinson;#2196F3;Gilis;#FFFFFF
media/images/4SUAaJp3z5A-576780.jpg;True;True;Tomlinson;#2196F3;Gilis;#FFFFFF
media/images/4SUAaJp3z5A-577280.jpg;True;True;Tomlinson;#2196F3;Gilis;#FFFFFF
media/images/4SUAaJp3z5A-577780.jpg;True;True;Tomlinson;#2196F3;Gilis;#FFFFFF
media/images/4SUAaJp3z5A-578280.jpg;True;True;Tomlinson;#2196F3;Gilis;#FFFFFF
media/images/4SUAaJp3z5A-578780.jpg;True;True;Tomlinson;#2196F3;Gilis;#FFFFFF
media/images/4SUAaJp3z5A-579280.jpg;True;True;Tomlinson;#2196F3;Gilis;#FFFFFF
media/images/4SUAaJp3z5A-579780.jpg;False;True;Tomlinson;#2196F3;Gilis;#FFFFFF
media/images/4SUAaJp3z5A-580280.jpg;False;True;Tomlinson;#2196F3;Gilis;#FFFFFF
media/images/4SUAaJp3z5A-580780.jpg;False;True;Tomlinson;#2196F3;Gilis;#FFFFFF
media/images/4SUAaJp3z5A-581280.jpg;False;True;Tomlinson;#2196F3;Gilis;#FFFFFF
media/images/4SUAaJp3z5A-581780.jpg;True;True;Tomlinson;#2196F3;Gilis;#FFFFFF
media/images/4SUAaJp3z5A-582280.jpg;True;True;Tomlinson;#2196F3;Gilis;#FFFFFF
media/images/4SUAaJp3z5A-582780.jpg;True;True;Tomlinson;#2196F3;Gilis;#FFFFFF
media/images/4SUAaJp3z5A-583280.jpg;True;True;Tomlinson;#2196F3;Gilis;#FFFFFF
media/images/4SUAaJp3z5A-583780.jpg;True;True;Tomlinson;#2196F3;Gilis;#FFFFFF
media/images/4SUAaJp3z5A-584280.jpg;True;True;Tomlinson;#2196F3;Gilis;#FFFFFF
media/images/4SUAaJp3z5A-584780.jpg;True;True;Tomlinson;#2196F3;Gilis;#FFFFFF
media/images/4SUAaJp3z5A-585280.jpg;True;True;Tomlinson;#2196F3;Gilis;#FFFFFF
media/images/4SUAaJp3z5A-585780.jpg;False;True;Tomlinson;#2196F3;Gilis;#FFFFFF
media/images/4SUAaJp3z5A-586280.jpg;False;True;Tomlinson;#2196F3;Gilis;#FFFFFF
media/images/4SUAaJp3z5A-586780.jpg;False;True;Tomlinson;#2196F3;Gilis;#FFFFFF
media/images/4SUAaJp3z5A-587280.jpg;False;True;Tomlinson;#2196F3;Gilis;#FFFFFF
media/images/4SUAaJp3z5A-587780.jpg;True;True;Tomlinson;#2196F3;Gilis;#FFFFFF
media/images/4SUAaJp3z5A-588280.jpg;True;True;Tomlinson;#2196F3;Gilis;#FFFFFF
media/images/4SUAaJp3z5A-588780.jpg;True;True;Tomlinson;#2196F3;Gilis;#FFFFFF
media/images/4SUAaJp3z5A-589280.jpg;True;True;Tomlinson;#2196F3;Gilis;#FFFFFF
media/images/4SUAaJp3z5A-589780.jpg;True;True;Tomlinson;#2196F3;Gilis;#FFFFFF
media/images/4SUAaJp3z5A-590280.jpg;True;True;Tomlinson;#2196F3;Gilis;#FFFFFF
media/images/4SUAaJp3z5A-590780.jpg;True;True;Tomlinson;#2196F3;Gilis;#FFFFFF
media/images/4SUAaJp3z5A-591280.jpg;True;True;Tomlinson;#2196F3;Gilis;#FFFFFF
media/images/4SUAaJp3z5A-591780.jpg;False;True;Tomlinson;#2196F3;Gilis;#FFFFFF
media/images/4SUAaJp3z5A-592280.jpg;False;True;Tomlinson;#2196F3;Gilis;#FFFFFF
media/images/4SUAaJp3z5A-592780.jpg;False;True;Tomlinson;#2196F3;Gilis;#FFFFFF
media/images/4SUAaJp3z5A-593280.jpg;False;True;Tomlinson;#2196F3;Gilis;#FFFFFF
media/images/4SUAaJp3z5A-593780.jpg;False;True;Tomlinson;#2196F3;Gilis;#FFFFFF
media/images/4SUAaJp3z5A-594280.jpg;False;True;Tomlinson;#2196F3;Gilis;#FFFFFF
media/images/4SUAaJp3z5A-594780.jpg;False;True;Tomlinson;#2196F3;Gilis;#FFFFFF
media/images/4SUAaJp3z5A-595280.jpg;False;True;Tomlinson;#2196F3;Gilis;#FFFFFF
media/images/4SUAaJp3z5A-595780.jpg;False;True;Tomlinson;#2196F3;Gilis;#FFFFFF
media/images/4SUAaJp3z5A-596280.jpg;False;False;;;;
media/images/4SUAaJp3z5A-596780.jpg;False;False;;;;
media/images/4SUAaJp3z5A-597280.jpg;False;False;;;;
media/images/4SUAaJp3z5A-600780.jpg;False;False;Tomlinson;#2196F3;Gilis;#FFFFFF
media/images/4SUAaJp3z5A-601280.jpg;False;False;Tomlinson;#2196F3;Gilis;#FFFFFF
media/images/4SUAaJp3z5A-601780.jpg;False;False;Tomlinson;#2196F3;Gilis;#FFFFFF
media/images/4SUAaJp3z5A-602280.jpg;False;False;Tomlinson;#2196F3;Gilis;#FFFFFF
media/images/4SUAaJp3z5A-602780.jpg;False;False;Tomlinson;#2196F3;Gilis;#FFFFFF
media/images/4SUAaJp3z5A-603280.jpg;False;False;Tomlinson;#2196F3;Gilis;#FFFFFF
media/images/4SUAaJp3z5A-603780.jpg;False;False;Tomlinson;#2196F3;Gilis;#FFFFFF
media/images/4SUAaJp3z5A-604280.jpg;False;False;Tomlinson;#2196F3;Gilis;#FFFFFF
media/images/4SUAaJp3z5A-604780.jpg;False;False;Tomlinson;#2196F3;Gilis;#FFFFFF
media/images/4SUAaJp3z5A-605280.jpg;False;False;Tomlinson;#2196F3;Gilis;#FFFFFF
media/images/4SUAaJp3z5A-605780.jpg;False;False;Tomlinson;#2196F3;Gilis;#FFFFFF
media/images/4SUAaJp3z5A-606280.jpg;False;False;Tomlinson;#2196F3;Gilis;#FFFFFF
media/images/4SUAaJp3z5A-606780.jpg;False;False;Tomlinson;#2196F3;Gilis;#FFFFFF
media/images/4SUAaJp3z5A-607280.jpg;False;False;Tomlinson;#2196F3;Gilis;#FFFFFF
media/images/4SUAaJp3z5A-607780.jpg;False;False;Tomlinson;#2196F3;Gilis;#FFFFFF
media/images/4SUAaJp3z5A-608280.jpg;False;False;Tomlinson;#2196F3;Gilis;#FFFFFF
media/images/4SUAaJp3z5A-608780.jpg;False;False;Tomlinson;#2196F3;Gilis;#FFFFFF
media/images/4SUAaJp3z5A-609280.jpg;False;False;Tomlinson;#2196F3;Gilis;#FFFFFF
media/images/4SUAaJp3z5A-609780.jpg;False;False;Tomlinson;#2196F3;Gilis;#FFFFFF
media/images/DVqKW1ob9UI-60380.jpg;True;False;Gaultier;#F44336;Farag;#000000
media/images/DVqKW1ob9UI-60880.jpg;True;False;Gaultier;#F44336;Farag;#000000
media/images/DVqKW1ob9UI-61380.jpg;True;False;Gaultier;#F44336;Farag;#000000
media/images/DVqKW1ob9UI-61880.jpg;True;False;Gaultier;#F44336;Farag;#000000
media/images/DVqKW1ob9UI-62380.jpg;True;False;Gaultier;#F44336;Farag;#000000
media/images/DVqKW1ob9UI-62880.jpg;True;False;Gaultier;#F44336;Farag;#000000
media/images/DVqKW1ob9UI-63380.jpg;True;False;Gaultier;#F44336;Farag;#000000
media/images/DVqKW1ob9UI-63880.jpg;True;False;Gaultier;#F44336;Farag;#000000
media/images/DVqKW1ob9UI-64380.jpg;True;False;Gaultier;#F44336;Farag;#000000
media/images/DVqKW1ob9UI-64880.jpg;True;False;Gaultier;#F44336;Farag;#000000
media/images/DVqKW1ob9UI-65380.jpg;True;False;Gaultier;#F44336;Farag;#000000
media/images/DVqKW1ob9UI-65880.jpg;True;False;Gaultier;#F44336;Farag;#000000
media/images/DVqKW1ob9UI-66380.jpg;True;False;Gaultier;#F44336;Farag;#000000
media/images/DVqKW1ob9UI-66880.jpg;True;False;Gaultier;#F44336;Farag;#000000
media/images/DVqKW1ob9UI-67380.jpg;True;False;Gaultier;#F44336;Farag;#000000
media/images/DVqKW1ob9UI-67880.jpg;True;False;Gaultier;#F44336;Farag;#000000
media/images/DVqKW1ob9UI-68380.jpg;True;False;Gaultier;#F44336;Farag;#000000
media/images/DVqKW1ob9UI-68880.jpg;True;False;Gaultier;#F44336;Farag;#000000
media/images/DVqKW1ob9UI-69380.jpg;True;False;Gaultier;#F44336;Farag;#000000
media/images/DVqKW1ob9UI-69880.jpg;True;False;Gaultier;#F44336;Farag;#000000
media/images/DVqKW1ob9UI-70380.jpg;True;False;Gaultier;#F44336;Farag;#000000
media/images/DVqKW1ob9UI-70880.jpg;True;False;Gaultier;#F44336;Farag;#000000
media/images/DVqKW1ob9UI-71380.jpg;True;False;Gaultier;#F44336;Farag;#000000
media/images/DVqKW1ob9UI-71880.jpg;True;False;Gaultier;#F44336;Farag;#000000
media/images/DVqKW1ob9UI-72380.jpg;True;False;Gaultier;#F44336;Farag;#000000
media/images/DVqKW1ob9UI-72880.jpg;True;False;Gaultier;#F44336;Farag;#000000
media/images/DVqKW1ob9UI-73380.jpg;True;False;Gaultier;#F44336;Farag;#000000
media/images/DVqKW1ob9UI-73880.jpg;True;False;Gaultier;#F44336;Farag;#000000
media/images/DVqKW1ob9UI-74380.jpg;True;False;Gaultier;#F44336;Farag;#000000
media/images/DVqKW1ob9UI-74880.jpg;True;False;Gaultier;#F44336;Farag;#000000
media/images/DVqKW1ob9UI-75380.jpg;True;False;Gaultier;#F44336;Farag;#000000
media/images/DVqKW1ob9UI-75880.jpg;True;False;Gaultier;#F44336;Farag;#000000
media/images/DVqKW1ob9UI-76380.jpg;True;False;Gaultier;#F44336;Farag;#000000
media/images/DVqKW1ob9UI-76880.jpg;True;False;Gaultier;#F44336;Farag;#000000
media/images/DVqKW1ob9UI-77380.jpg;True;False;Gaultier;#F44336;Farag;#000000
media/images/DVqKW1ob9UI-77880.jpg;True;False;Gaultier;#F44336;Farag;#000000
media/images/DVqKW1ob9UI-78380.jpg;True;False;Gaultier;#F44336;Farag;#000000
media/images/DVqKW1ob9UI-78880.jpg;True;False;;;Farag;#000000
media/images/DVqKW1ob9UI-79380.jpg;True;False;;;Farag;#000000
media/images/DVqKW1ob9UI-79880.jpg;True;False;Gaultier;#F44336;Farag;#000000
media/images/DVqKW1ob9UI-80380.jpg;True;False;Gaultier;#F44336;Farag;#000000
media/images/DVqKW1ob9UI-83677.jpg;True;False;Gaultier;#F44336;Farag;#000000
media/images/DVqKW1ob9UI-84177.jpg;True;False;Gaultier;#F44336;Farag;#000000
media/images/DVqKW1ob9UI-84677.jpg;True;False;Gaultier;#F44336;Farag;#000000
media/images/DVqKW1ob9UI-85177.jpg;True;False;Gaultier;#F44336;Farag;#000000
media/images/DVqKW1ob9UI-87693.jpg;True;False;Gaultier;#F44336;Farag;#000000
media/images/F6UG6SZNdEY-0000000.jpg;False;False;;;;
media/images/F6UG6SZNdEY-0000500.jpg;False;False;;;;
media/images/F6UG6SZNdEY-0001000.jpg;False;False;;;;
media/images/F6UG6SZNdEY-0012500.jpg;False;False;Rosner;#000000;Rodriguez;#2196F3
media/images/F6UG6SZNdEY-0013000.jpg;False;False;Rosner;#000000;Rodriguez;#2196F3
media/images/F6UG6SZNdEY-0013500.jpg;False;False;Rosner;#000000;Rodriguez;#2196F3
media/images/F6UG6SZNdEY-0014000.jpg;False;False;Rosner;#000000;Rodriguez;#2196F3
media/images/F6UG6SZNdEY-0014500.jpg;False;False;Rosner;#000000;Rodriguez;#2196F3
media/images/F6UG6SZNdEY-0015000.jpg;False;False;Rosner;#000000;Rodriguez;#2196F3
media/images/F6UG6SZNdEY-0015500.jpg;False;False;Rosner;#000000;Rodriguez;#2196F3
media/images/F6UG6SZNdEY-0016000.jpg;False;False;Rosner;#000000;Rodriguez;#2196F3
media/images/F6UG6SZNdEY-0016500.jpg;False;False;Rosner;#000000;Rodriguez;#2196F3
media/images/F6UG6SZNdEY-0017000.jpg;False;False;Rosner;#000000;Rodriguez;#2196F3
media/images/F6UG6SZNdEY-0017500.jpg;False;False;Rosner;#000000;Rodriguez;#2196F3
media/images/F6UG6SZNdEY-0018000.jpg;False;False;Rosner;#000000;Rodriguez;#2196F3
media/images/F6UG6SZNdEY-0030881.jpg;True;False;Rosner;#000000;Rodriguez;#2196F3
media/images/F6UG6SZNdEY-0031381.jpg;True;False;Rosner;#000000;Rodriguez;#2196F3
media/images/F6UG6SZNdEY-0031881.jpg;True;False;Rosner;#000000;Rodriguez;#2196F3
media/images/F6UG6SZNdEY-0032381.jpg;True;False;Rosner;#000000;Rodriguez;#2196F3
media/images/F6UG6SZNdEY-0032881.jpg;True;False;Rosner;#000000;Rodriguez;#2196F3
media/images/F6UG6SZNdEY-0033381.jpg;True;False;Rosner;#000000;Rodriguez;#2196F3
media/images/F6UG6SZNdEY-0033881.jpg;True;False;Rosner;#000000;Rodriguez;#2196F3
media/images/F6UG6SZNdEY-0034381.jpg;False;False;Rosner;#000000;Rodriguez;#2196F3
media/images/F6UG6SZNdEY-0034881.jpg;False;False;Rosner;#000000;Rodriguez;#2196F3
media/images/F6UG6SZNdEY-0035381.jpg;False;False;Rosner;#000000;Rodriguez;#2196F3
media/images/F6UG6SZNdEY-0035881.jpg;False;False;Rosner;#000000;Rodriguez;#2196F3
media/images/F6UG6SZNdEY-0036381.jpg;False;False;Rosner;#000000;Rodriguez;#2196F3
media/images/F6UG6SZNdEY-0036881.jpg;False;False;Rosner;#000000;Rodriguez;#2196F3
media/images/F6UG6SZNdEY-0037381.jpg;False;False;Rosner;#000000;Rodriguez;#2196F3
media/images/F6UG6SZNdEY-0037881.jpg;False;False;Rosner;#000000;Rodriguez;#2196F3
media/images/F6UG6SZNdEY-0038381.jpg;False;False;Rosner;#000000;Rodriguez;#2196F3
media/images/F6UG6SZNdEY-0038881.jpg;False;False;Rosner;#000000;Rodriguez;#2196F3
media/images/F6UG6SZNdEY-0039381.jpg;False;False;Rosner;#000000;Rodriguez;#2196F3
media/images/F6UG6SZNdEY-0039881.jpg;False;False;;;;
media/images/F6UG6SZNdEY-0040381.jpg;False;False;;;;
media/images/F6UG6SZNdEY-0040881.jpg;False;False;;;;
media/images/F6UG6SZNdEY-0041381.jpg;False;False;;;;
media/images/F6UG6SZNdEY-0041881.jpg;False;False;;;;
media/images/F6UG6SZNdEY-0042381.jpg;False;False;;;;
media/images/F6UG6SZNdEY-0042881.jpg;False;False;;;;
media/images/F6UG6SZNdEY-0043381.jpg;False;False;;;;
media/images/F6UG6SZNdEY-0043881.jpg;False;False;;;;
media/images/F6UG6SZNdEY-0044381.jpg;False;False;;;;
media/images/F6UG6SZNdEY-0044881.jpg;False;False;;;;
media/images/F6UG6SZNdEY-0045381.jpg;False;False;;;;
media/images/F6UG6SZNdEY-0045881.jpg;False;False;;;;
media/images/F6UG6SZNdEY-0046381.jpg;False;False;Rosner;#000000;Rodriguez;#2196F3
media/images/F6UG6SZNdEY-0046881.jpg;True;False;Rosner;#000000;Rodriguez;#2196F3
media/images/F6UG6SZNdEY-1218645.jpg;True;False;Rosner;#000000;Rodriguez;#2196F3
media/images/F6UG6SZNdEY-1219145.jpg;True;False;Rosner;#000000;Rodriguez;#2196F3
media/images/F6UG6SZNdEY-1219645.jpg;True;False;Rosner;#000000;Rodriguez;#2196F3
media/images/F6UG6SZNdEY-1220145.jpg;True;False;Rosner;#000000;Rodriguez;#2196F3
media/images/F6UG6SZNdEY-1220645.jpg;True;False;Rosner;#000000;Rodriguez;#2196F3
media/images/F6UG6SZNdEY-1221145.jpg;True;False;Rosner;#000000;Rodriguez;#2196F3
media/images/F6UG6SZNdEY-1221645.jpg;True;False;Rosner;#000000;Rodriguez;#2196F3
media/images/F6UG6SZNdEY-1222145.jpg;True;False;Rosner;#000000;Rodriguez;#2196F3
media/images/F6UG6SZNdEY-1222645.jpg;True;False;Rosner;#000000;Rodriguez;#2196F3
media/images/F6UG6SZNdEY-1223145.jpg;True;False;Rosner;#000000;Rodriguez;#2196F3
media/images/F6UG6SZNdEY-1223645.jpg;True;False;Rosner;#000000;Rodriguez;#2196F3
media/images/F6UG6SZNdEY-1224145.jpg;True;False;Rosner;#000000;Rodriguez;#2196F3
media/images/F6UG6SZNdEY-1224645.jpg;True;False;Rosner;#000000;Rodriguez;#2196F3
media/images/F6UG6SZNdEY-1225145.jpg;True;False;Rosner;#000000;Rodriguez;#2196F3
media/images/F6UG6SZNdEY-1225645.jpg;True;False;Rosner;#000000;Rodriguez;#2196F3
media/images/F6UG6SZNdEY-1226145.jpg;True;False;Rosner;#000000;Rodriguez;#2196F3
media/images/F6UG6SZNdEY-1226645.jpg;True;False;Rosner;#000000;Rodriguez;#2196F3
media/images/F6UG6SZNdEY-1227145.jpg;True;False;Rosner;#000000;Rodriguez;#2196F3
media/images/F6UG6SZNdEY-1227645.jpg;True;False;Rosner;#000000;Rodriguez;#2196F3
media/images/F6UG6SZNdEY-1228145.jpg;True;False;Rosner;#000000;Rodriguez;#2196F3
media/images/F6UG6SZNdEY-1228645.jpg;True;False;Rosner;#000000;Rodriguez;#2196F3
media/images/F6UG6SZNdEY-1229145.jpg;True;False;Rosner;#000000;Rodriguez;#2196F3
media/images/F6UG6SZNdEY-1229645.jpg;True;False;Rosner;#000000;Rodriguez;#2196F3
media/images/F6UG6SZNdEY-1230145.jpg;True;False;Rosner;#000000;Rodriguez;#2196F3
media/images/F6UG6SZNdEY-1230645.jpg;True;False;Rosner;#000000;Rodriguez;#2196F3
media/images/F6UG6SZNdEY-1231145.jpg;True;False;Rosner;#000000;Rodriguez;#2196F3
media/images/F6UG6SZNdEY-1231645.jpg;True;False;Rosner;#000000;Rodriguez;#2196F3
media/images/F6UG6SZNdEY-1232145.jpg;True;False;Rosner;#000000;Rodriguez;#2196F3
media/images/F6UG6SZNdEY-1232645.jpg;True;False;Rosner;#000000;Rodriguez;#2196F3
media/images/F6UG6SZNdEY-1233145.jpg;True;False;Rosner;#000000;Rodriguez;#2196F3
media/images/F6UG6SZNdEY-1233645.jpg;True;False;Rosner;#000000;Rodriguez;#2196F3
media/images/F6UG6SZNdEY-1234145.jpg;True;False;Rosner;#000000;Rodriguez;#2196F3
media/images/F6UG6SZNdEY-1234645.jpg;True;False;Rosner;#000000;Rodriguez;#2196F3
media/images/F6UG6SZNdEY-1235145.jpg;True;False;Rosner;#000000;Rodriguez;#2196F3
media/images/F6UG6SZNdEY-1236145.jpg;False;False;Rosner;#000000;Rodriguez;#2196F3
media/images/F6UG6SZNdEY-1236645.jpg;False;False;Rosner;#000000;Rodriguez;#2196F3
media/images/GMhg_MLCyLQ-000000.jpg;False;False;;;;
media/images/GMhg_MLCyLQ-000500.jpg;False;False;;;;
media/images/GMhg_MLCyLQ-001000.jpg;False;False;;;;
media/images/GMhg_MLCyLQ-013000.jpg;False;False;;;;
media/images/GMhg_MLCyLQ-017000.jpg;False;False;Marche;#3F51B5;Au;#F44336
media/images/GMhg_MLCyLQ-017500.jpg;False;False;Marche;#3F51B5;Au;#F44336
media/images/GMhg_MLCyLQ-018000.jpg;False;False;Marche;#3F51B5;Au;#F44336
media/images/GMhg_MLCyLQ-023500.jpg;True;False;Marche;#3F51B5;Au;#F44336
media/images/GMhg_MLCyLQ-024000.jpg;True;False;Marche;#3F51B5;Au;#F44336
media/images/GMhg_MLCyLQ-024500.jpg;True;False;Marche;#3F51B5;Au;#F44336
media/images/GMhg_MLCyLQ-025000.jpg;True;False;Marche;#3F51B5;Au;#F44336
media/images/GMhg_MLCyLQ-025500.jpg;True;False;Marche;#3F51B5;Au;#F44336
media/images/GMhg_MLCyLQ-026000.jpg;True;False;Marche;#3F51B5;Au;#F44336
media/images/GMhg_MLCyLQ-032309.jpg;True;False;Marche;#3F51B5;Au;#F44336
media/images/GMhg_MLCyLQ-032809.jpg;True;False;Marche;#3F51B5;Au;#F44336
media/images/GMhg_MLCyLQ-033309.jpg;True;False;Marche;#3F51B5;Au;#F44336
media/images/GMhg_MLCyLQ-033809.jpg;True;False;Marche;#3F51B5;Au;#F44336
media/images/GMhg_MLCyLQ-034309.jpg;True;False;Marche;#3F51B5;Au;#F44336
media/images/GMhg_MLCyLQ-034809.jpg;True;False;Marche;#3F51B5;Au;#F44336
media/images/GMhg_MLCyLQ-035309.jpg;True;False;Marche;#3F51B5;Au;#F44336
media/images/GMhg_MLCyLQ-035809.jpg;True;False;Marche;#3F51B5;Au;#F44336
media/images/GMhg_MLCyLQ-059251.jpg;True;False;Marche;#3F51B5;Au;#F44336
media/images/GMhg_MLCyLQ-059751.jpg;True;False;Marche;#3F51B5;Au;#F44336
media/images/GMhg_MLCyLQ-060251.jpg;True;False;Marche;#3F51B5;Au;#F44336
media/images/GMhg_MLCyLQ-060751.jpg;True;False;Marche;#3F51B5;Au;#F44336
media/images/GMhg_MLCyLQ-061251.jpg;True;False;Marche;#3F51B5;Au;#F44336
media/images/GMhg_MLCyLQ-061751.jpg;True;False;Marche;#3F51B5;Au;#F44336
media/images/GMhg_MLCyLQ-062251.jpg;False;False;Marche;#3F51B5;Au;#F44336
media/images/GMhg_MLCyLQ-062751.jpg;False;False;Marche;#3F51B5;Au;#F44336
media/images/GMhg_MLCyLQ-063251.jpg;False;False;Marche;#3F51B5;Au;#F44336
media/images/GMhg_MLCyLQ-063751.jpg;False;False;Marche;#3F51B5;Au;#F44336
media/images/GMhg_MLCyLQ-064251.jpg;False;False;Marche;#3F51B5;Au;#F44336
media/images/GMhg_MLCyLQ-064751.jpg;False;False;Marche;#3F51B5;Au;#F44336
media/images/GMhg_MLCyLQ-065251.jpg;False;False;Marche;#3F51B5;Au;#F44336
media/images/GMhg_MLCyLQ-065751.jpg;False;False;Marche;#3F51B5;Au;#F44336
media/images/GMhg_MLCyLQ-066251.jpg;False;False;;;;
media/images/GMhg_MLCyLQ-066751.jpg;False;False;;;;
media/images/GMhg_MLCyLQ-067251.jpg;True;True;Marche;#3F51B5;Au;#F44336
media/images/GMhg_MLCyLQ-067751.jpg;True;True;Marche;#3F51B5;Au;#F44336
media/images/GMhg_MLCyLQ-068251.jpg;True;True;Marche;#3F51B5;Au;#F44336
media/images/GMhg_MLCyLQ-068751.jpg;True;True;Marche;#3F51B5;Au;#F44336
media/images/GMhg_MLCyLQ-069251.jpg;True;True;Marche;#3F51B5;Au;#F44336
media/images/GMhg_MLCyLQ-069751.jpg;True;True;Marche;#3F51B5;Au;#F44336
media/images/GMhg_MLCyLQ-070251.jpg;True;True;Marche;#3F51B5;Au;#F44336
media/images/GMhg_MLCyLQ-070751.jpg;False;False;;;;
media/images/GMhg_MLCyLQ-083518.jpg;False;False;Marche;#3F51B5;Au;#F44336
media/images/GMhg_MLCyLQ-151180.jpg;True;False;Marche;#3F51B5;Au;#F44336
media/images/GMhg_MLCyLQ-151680.jpg;True;False;Marche;#3F51B5;Au;#F44336
media/images/GMhg_MLCyLQ-152180.jpg;True;False;Marche;#3F51B5;Au;#F44336
media/images/GMhg_MLCyLQ-152680.jpg;True;False;Marche;#3F51B5;Au;#F44336
media/images/GMhg_MLCyLQ-153180.jpg;True;False;Marche;#3F51B5;Au;#F44336
media/images/GMhg_MLCyLQ-153680.jpg;True;False;Marche;#3F51B5;Au;#F44336
media/images/GMhg_MLCyLQ-154180.jpg;True;False;Marche;#3F51B5;Au;#F44336
media/images/GMhg_MLCyLQ-154680.jpg;True;False;Marche;#3F51B5;Au;#F44336
media/images/GMhg_MLCyLQ-155180.jpg;True;False;Marche;#3F51B5;Au;#F44336
media/images/GMhg_MLCyLQ-155680.jpg;True;False;Marche;#3F51B5;Au;#F44336
media/images/GMhg_MLCyLQ-156180.jpg;True;False;Marche;#3F51B5;Au;#F44336
media/images/GMhg_MLCyLQ-156680.jpg;True;False;Marche;#3F51B5;Au;#F44336
media/images/GMhg_MLCyLQ-157180.jpg;True;False;Marche;#3F51B5;Au;#F44336
media/images/GMhg_MLCyLQ-157680.jpg;True;False;Marche;#3F51B5;Au;#F44336
media/images/GMhg_MLCyLQ-158180.jpg;False;False;Marche;#3F51B5;Au;#F44336
media/images/GMhg_MLCyLQ-158680.jpg;False;False;Marche;#3F51B5;Au;#F44336
media/images/GMhg_MLCyLQ-159180.jpg;False;False;Marche;#3F51B5;Au;#F44336
media/images/GMhg_MLCyLQ-159680.jpg;False;False;Marche;#3F51B5;Au;#F44336
media/images/GMhg_MLCyLQ-160180.jpg;False;False;Marche;#3F51B5;Au;#F44336
media/images/GMhg_MLCyLQ-160680.jpg;False;False;Marche;#3F51B5;Au;#F44336
media/images/GMhg_MLCyLQ-218621.jpg;True;False;Marche;#3F51B5;Au;#F44336
media/images/GMhg_MLCyLQ-219121.jpg;True;False;Marche;#3F51B5;Au;#F44336
media/images/GMhg_MLCyLQ-219621.jpg;True;False;Marche;#3F51B5;Au;#F44336
media/images/GMhg_MLCyLQ-220121.jpg;True;False;Marche;#3F51B5;Au;#F44336
media/images/GMhg_MLCyLQ-220621.jpg;True;False;Marche;#3F51B5;Au;#F44336
media/images/GMhg_MLCyLQ-221121.jpg;True;False;Marche;#3F51B5;Au;#F44336
media/images/GMhg_MLCyLQ-221621.jpg;True;False;Marche;#3F51B5;Au;#F44336
media/images/GMhg_MLCyLQ-222121.jpg;True;False;Marche;#3F51B5;Au;#F44336
media/images/GMhg_MLCyLQ-222621.jpg;True;False;Marche;#3F51B5;Au;#F44336
media/images/GMhg_MLCyLQ-223121.jpg;True;False;Marche;#3F51B5;Au;#F44336
media/images/GMhg_MLCyLQ-223621.jpg;True;False;Marche;#3F51B5;Au;#F44336
media/images/GMhg_MLCyLQ-224121.jpg;True;False;Marche;#3F51B5;Au;#F44336
media/images/GMhg_MLCyLQ-224621.jpg;True;False;Marche;#3F51B5;Au;#F44336
media/images/GMhg_MLCyLQ-225121.jpg;True;False;Marche;#3F51B5;Au;#F44336
media/images/GMhg_MLCyLQ-225621.jpg;True;False;Marche;#3F51B5;Au;#F44336
media/images/GMhg_MLCyLQ-226121.jpg;True;False;Marche;#3F51B5;Au;#F44336
media/images/GMhg_MLCyLQ-226621.jpg;True;False;Marche;#3F51B5;Au;#F44336
media/images/GMhg_MLCyLQ-227121.jpg;False;False;Marche;#3F51B5;Au;#F44336
media/images/GMhg_MLCyLQ-227621.jpg;False;False;Marche;#3F51B5;Au;#F44336
media/images/GMhg_MLCyLQ-233571.jpg;True;False;Marche;#3F51B5;Au;#F44336
media/images/GMhg_MLCyLQ-234071.jpg;True;False;Marche;#3F51B5;Au;#F44336
media/images/GMhg_MLCyLQ-234571.jpg;True;False;Marche;#3F51B5;Au;#F44336
media/images/GMhg_MLCyLQ-235071.jpg;True;False;Marche;#3F51B5;Au;#F44336
media/images/GMhg_MLCyLQ-235571.jpg;True;False;Marche;#3F51B5;Au;#F44336
media/images/GMhg_MLCyLQ-236071.jpg;True;False;Marche;#3F51B5;Au;#F44336
media/images/GMhg_MLCyLQ-236571.jpg;True;False;Marche;#3F51B5;Au;#F44336
media/images/GMhg_MLCyLQ-237071.jpg;True;False;Marche;#3F51B5;Au;#F44336
media/images/GMhg_MLCyLQ-237571.jpg;False;False;Marche;#3F51B5;Au;#F44336
media/images/GMhg_MLCyLQ-238071.jpg;False;False;Marche;#3F51B5;Au;#F44336
media/images/GMhg_MLCyLQ-261888.jpg;True;False;Marche;#3F51B5;Au;#F44336
media/images/GMhg_MLCyLQ-262388.jpg;True;False;Marche;#3F51B5;Au;#F44336
media/images/GMhg_MLCyLQ-262888.jpg;True;False;Marche;#3F51B5;Au;#F44336
media/images/GMhg_MLCyLQ-263388.jpg;True;False;Marche;#3F51B5;Au;#F44336
media/images/GMhg_MLCyLQ-263888.jpg;True;False;Marche;#3F51B5;Au;#F44336
media/images/GMhg_MLCyLQ-264388.jpg;True;False;Marche;#3F51B5;Au;#F44336
media/images/GMhg_MLCyLQ-264888.jpg;True;False;Marche;#3F51B5;Au;#F44336
media/images/GMhg_MLCyLQ-265388.jpg;True;False;Marche;#3F51B5;Au;#F44336
media/images/GMhg_MLCyLQ-265888.jpg;True;False;Marche;#3F51B5;Au;#F44336
media/images/GMhg_MLCyLQ-266388.jpg;True;False;Marche;#3F51B5;Au;#F44336
media/images/GMhg_MLCyLQ-266888.jpg;True;False;Marche;#3F51B5;Au;#F44336
media/images/GMhg_MLCyLQ-267388.jpg;True;False;Marche;#3F51B5;Au;#F44336
media/images/GMhg_MLCyLQ-267888.jpg;True;False;Marche;#3F51B5;Au;#F44336
media/images/GMhg_MLCyLQ-268388.jpg;True;False;Marche;#3F51B5;Au;#F44336
media/images/GMhg_MLCyLQ-268888.jpg;True;False;Marche;#3F51B5;Au;#F44336
media/images/GMhg_MLCyLQ-269388.jpg;True;False;Marche;#3F51B5;Au;#F44336
media/images/GMhg_MLCyLQ-269888.jpg;True;False;Marche;#3F51B5;Au;#F44336
media/images/GMhg_MLCyLQ-270388.jpg;True;False;Marche;#3F51B5;Au;#F44336
media/images/GMhg_MLCyLQ-270888.jpg;True;False;Marche;#3F51B5;Au;#F44336
media/images/GMhg_MLCyLQ-271388.jpg;True;False;Marche;#3F51B5;Au;#F44336
media/images/GMhg_MLCyLQ-271888.jpg;True;False;Marche;#3F51B5;Au;#F44336
media/images/GMhg_MLCyLQ-272388.jpg;True;False;Marche;#3F51B5;Au;#F44336
media/images/GMhg_MLCyLQ-272888.jpg;True;False;Marche;#3F51B5;Au;#F44336
media/images/GMhg_MLCyLQ-273388.jpg;True;False;Marche;#3F51B5;Au;#F44336
media/images/GMhg_MLCyLQ-273888.jpg;True;False;Marche;#3F51B5;Au;#F44336
media/images/GMhg_MLCyLQ-274388.jpg;False;False;Marche;#3F51B5;Au;#F44336
media/images/GMhg_MLCyLQ-274888.jpg;False;False;Marche;#3F51B5;Au;#F44336
media/images/eXYJo4RCfbI-029056.jpg;True;False;Sherbini;#F44336;Adel;#FFFFFF
media/images/eXYJo4RCfbI-029556.jpg;True;False;Sherbini;#F44336;Adel;#FFFFFF
media/images/eXYJo4RCfbI-030056.jpg;True;False;Sherbini;#F44336;Adel;#FFFFFF
media/images/eXYJo4RCfbI-030556.jpg;True;False;Sherbini;#F44336;Adel;#FFFFFF
media/images/eXYJo4RCfbI-031056.jpg;True;False;Sherbini;#F44336;Adel;#FFFFFF
media/images/eXYJo4RCfbI-031556.jpg;True;False;Sherbini;#F44336;Adel;#FFFFFF
media/images/eXYJo4RCfbI-032056.jpg;True;False;Sherbini;#F44336;Adel;#FFFFFF
media/images/eXYJo4RCfbI-032556.jpg;True;False;Sherbini;#F44336;Adel;#FFFFFF
media/images/eXYJo4RCfbI-033056.jpg;True;False;Sherbini;#F44336;Adel;#FFFFFF
media/images/eXYJo4RCfbI-033556.jpg;True;False;Sherbini;#F44336;Adel;#FFFFFF
media/images/eXYJo4RCfbI-034056.jpg;True;False;Sherbini;#F44336;Adel;#FFFFFF
media/images/eXYJo4RCfbI-034556.jpg;True;False;Sherbini;#F44336;Adel;#FFFFFF
media/images/eXYJo4RCfbI-035056.jpg;True;False;Sherbini;#F44336;Adel;#FFFFFF
media/images/eXYJo4RCfbI-035556.jpg;True;False;Sherbini;#F44336;Adel;#FFFFFF
media/images/eXYJo4RCfbI-036056.jpg;True;False;Sherbini;#F44336;Adel;#FFFFFF
media/images/eXYJo4RCfbI-036556.jpg;False;False;Sherbini;#F44336;Adel;#FFFFFF
media/images/eXYJo4RCfbI-037056.jpg;False;False;Sherbini;#F44336;Adel;#FFFFFF
media/images/eXYJo4RCfbI-037556.jpg;False;False;;;Adel;#FFFFFF
media/images/eXYJo4RCfbI-038056.jpg;False;False;Sherbini;#F44336;Adel;#FFFFFF
media/images/eXYJo4RCfbI-054871.jpg;False;False;Sherbini;#F44336;Adel;#FFFFFF
media/images/eXYJo4RCfbI-055371.jpg;False;False;Sherbini;#F44336;Adel;#FFFFFF
media/images/eXYJo4RCfbI-055871.jpg;False;False;Sherbini;#F44336;Adel;#FFFFFF
media/images/eXYJo4RCfbI-056371.jpg;False;False;Sherbini;#F44336;Adel;#FFFFFF
media/images/eXYJo4RCfbI-056871.jpg;False;False;Sherbini;#F44336;Adel;#FFFFFF
media/images/eXYJo4RCfbI-061871.jpg;True;False;Sherbini;#F44336;Adel;#FFFFFF
media/images/eXYJo4RCfbI-062371.jpg;True;False;Sherbini;#F44336;Adel;#FFFFFF
media/images/eXYJo4RCfbI-062871.jpg;True;False;Sherbini;#F44336;Adel;#FFFFFF
media/images/eXYJo4RCfbI-063371.jpg;True;False;Sherbini;#F44336;Adel;#FFFFFF
media/images/eXYJo4RCfbI-063871.jpg;True;False;Sherbini;#F44336;Adel;#FFFFFF
media/images/eXYJo4RCfbI-064371.jpg;True;False;Sherbini;#F44336;Adel;#FFFFFF
media/images/eXYJo4RCfbI-064871.jpg;True;False;Sherbini;#F44336;Adel;#FFFFFF
media/images/eXYJo4RCfbI-065371.jpg;True;False;Sherbini;#F44336;Adel;#FFFFFF
media/images/eXYJo4RCfbI-066371.jpg;False;False;Sherbini;#F44336;Adel;#FFFFFF
media/images/eXYJo4RCfbI-066871.jpg;False;False;Sherbini;#F44336;Adel;#FFFFFF
media/images/eXYJo4RCfbI-067371.jpg;False;False;Sherbini;#F44336;Adel;#FFFFFF
media/images/eXYJo4RCfbI-067871.jpg;True;False;Sherbini;#F44336;Adel;#FFFFFF
media/images/eXYJo4RCfbI-068371.jpg;True;False;Sherbini;#F44336;Adel;#FFFFFF
media/images/eXYJo4RCfbI-068871.jpg;True;False;Sherbini;#F44336;Adel;#FFFFFF
media/images/eXYJo4RCfbI-069371.jpg;True;False;Sherbini;#F44336;Adel;#FFFFFF
media/images/eXYJo4RCfbI-069871.jpg;True;False;Sherbini;#F44336;Adel;#FFFFFF
media/images/eXYJo4RCfbI-070371.jpg;True;False;Sherbini;#F44336;Adel;#FFFFFF
media/images/eXYJo4RCfbI-070871.jpg;True;False;Sherbini;#F44336;Adel;#FFFFFF
media/images/eXYJo4RCfbI-071371.jpg;True;False;Sherbini;#F44336;Adel;#FFFFFF
media/images/eXYJo4RCfbI-071871.jpg;True;False;Sherbini;#F44336;Adel;#FFFFFF
media/images/eXYJo4RCfbI-072371.jpg;True;False;Sherbini;#F44336;Adel;#FFFFFF
media/images/eXYJo4RCfbI-076871.jpg;False;False;Sherbini;#F44336;Adel;#FFFFFF
media/images/eXYJo4RCfbI-077371.jpg;False;False;Sherbini;#F44336;Adel;#FFFFFF
media/images/eXYJo4RCfbI-077871.jpg;False;False;Sherbini;#F44336;Adel;#FFFFFF
media/images/eXYJo4RCfbI-078371.jpg;False;False;Sherbini;#F44336;Adel;#FFFFFF
media/images/eXYJo4RCfbI-078871.jpg;False;False;Sherbini;#F44336;Adel;#FFFFFF
media/images/eXYJo4RCfbI-079371.jpg;False;False;Sherbini;#F44336;;
media/images/eXYJo4RCfbI-079871.jpg;False;False;Sherbini;#F44336;;
media/images/eXYJo4RCfbI-080371.jpg;False;False;Sherbini;#F44336;;
media/images/eXYJo4RCfbI-088871.jpg;True;False;Sherbini;#F44336;Adel;#FFFFFF
media/images/eXYJo4RCfbI-089371.jpg;True;False;Sherbini;#F44336;Adel;#FFFFFF
media/images/eXYJo4RCfbI-089871.jpg;True;False;Sherbini;#F44336;Adel;#FFFFFF
media/images/eXYJo4RCfbI-090371.jpg;True;False;Sherbini;#F44336;Adel;#FFFFFF
media/images/eXYJo4RCfbI-090871.jpg;True;False;Sherbini;#F44336;Adel;#FFFFFF
media/images/eXYJo4RCfbI-091371.jpg;True;False;Sherbini;#F44336;Adel;#FFFFFF
media/images/eXYJo4RCfbI-091871.jpg;True;False;Sherbini;#F44336;Adel;#FFFFFF
media/images/eXYJo4RCfbI-092371.jpg;True;False;Sherbini;#F44336;Adel;#FFFFFF
media/images/eXYJo4RCfbI-096871.jpg;False;False;Sherbini;#F44336;Adel;#FFFFFF
media/images/eXYJo4RCfbI-097371.jpg;False;False;Sherbini;#F44336;;
media/images/eXYJo4RCfbI-097871.jpg;False;False;Sherbini;#F44336;;
media/images/eXYJo4RCfbI-098371.jpg;False;False;Sherbini;#F44336;;
media/images/eXYJo4RCfbI-102871.jpg;True;False;Sherbini;#F44336;Adel;#FFFFFF
media/images/eXYJo4RCfbI-103371.jpg;True;False;Sherbini;#F44336;Adel;#FFFFFF
media/images/eXYJo4RCfbI-103871.jpg;True;False;Sherbini;#F44336;Adel;#FFFFFF
media/images/eXYJo4RCfbI-104371.jpg;True;False;Sherbini;#F44336;Adel;#FFFFFF
media/images/eXYJo4RCfbI-104871.jpg;True;False;Sherbini;#F44336;Adel;#FFFFFF
media/images/eXYJo4RCfbI-105371.jpg;True;False;Sherbini;#F44336;Adel;#FFFFFF
media/images/eXYJo4RCfbI-105871.jpg;True;False;Sherbini;#F44336;Adel;#FFFFFF
media/images/eXYJo4RCfbI-106371.jpg;True;False;Sherbini;#F44336;Adel;#FFFFFF
media/images/eXYJo4RCfbI-106871.jpg;False;False;Sherbini;#F44336;Adel;#FFFFFF
media/images/eXYJo4RCfbI-107371.jpg;False;False;Sherbini;#F44336;Adel;#FFFFFF
media/images/eXYJo4RCfbI-107871.jpg;False;False;Sherbini;#F44336;Adel;#FFFFFF
media/images/eXYJo4RCfbI-108371.jpg;False;False;Sherbini;#F44336;Adel;#FFFFFF
media/images/eXYJo4RCfbI-108871.jpg;False;False;Sherbini;#F44336;Adel;#FFFFFF
media/images/eXYJo4RCfbI-109371.jpg;False;False;Sherbini;#F44336;Adel;#FFFFFF
media/images/eXYJo4RCfbI-110371.jpg;False;False;Sherbini;#F44336;Adel;#FFFFFF
media/images/eXYJo4RCfbI-110871.jpg;False;False;Sherbini;#F44336;Adel;#FFFFFF
media/images/eXYJo4RCfbI-142371.jpg;False;False;Sherbini;#F44336;Adel;#FFFFFF
media/images/eXYJo4RCfbI-142871.jpg;False;False;Sherbini;#F44336;Adel;#FFFFFF
media/images/eXYJo4RCfbI-143371.jpg;False;False;Sherbini;#F44336;Adel;#FFFFFF
media/images/eXYJo4RCfbI-143871.jpg;False;False;Sherbini;#F44336;Adel;#FFFFFF
media/images/eXYJo4RCfbI-144371.jpg;False;False;Sherbini;#F44336;Adel;#FFFFFF
media/images/eXYJo4RCfbI-144871.jpg;False;False;;;Adel;#FFFFFF
media/images/ohtRSiQ-HPg-000000.jpg;False;False;;;;
media/images/ohtRSiQ-HPg-000500.jpg;False;False;;;;
media/images/ohtRSiQ-HPg-002500.jpg;False;False;Elshorbagy;#000000;Richards;#000000
media/images/ohtRSiQ-HPg-003000.jpg;False;False;Elshorbagy;#000000;Richards;#000000
media/images/ohtRSiQ-HPg-003500.jpg;False;False;Elshorbagy;#000000;Richards;#000000
media/images/ohtRSiQ-HPg-004000.jpg;False;False;Elshorbagy;#000000;Richards;#000000
media/images/ohtRSiQ-HPg-004500.jpg;False;False;Elshorbagy;#000000;Richards;#000000
media/images/ohtRSiQ-HPg-005000.jpg;False;False;Elshorbagy;#000000;Richards;#000000
media/images/ohtRSiQ-HPg-005500.jpg;False;False;Elshorbagy;#2196F3;Richards;#F44336
media/images/ohtRSiQ-HPg-006000.jpg;False;False;Elshorbagy;#2196F3;Richards;#F44336
media/images/ohtRSiQ-HPg-006500.jpg;False;False;Elshorbagy;#2196F3;Richards;#F44336
media/images/ohtRSiQ-HPg-007000.jpg;False;False;Elshorbagy;#2196F3;Richards;#F44336
media/images/ohtRSiQ-HPg-007500.jpg;False;False;Elshorbagy;#2196F3;Richards;#F44336
media/images/ohtRSiQ-HPg-008000.jpg;True;False;Elshorbagy;#2196F3;Richards;#F44336
media/images/ohtRSiQ-HPg-008500.jpg;True;False;Elshorbagy;#2196F3;Richards;#F44336
media/images/ohtRSiQ-HPg-009000.jpg;True;False;Elshorbagy;#2196F3;Richards;#F44336
media/images/ohtRSiQ-HPg-009500.jpg;True;False;Elshorbagy;#2196F3;Richards;#F44336
media/images/ohtRSiQ-HPg-010000.jpg;True;False;Elshorbagy;#2196F3;Richards;#F44336
media/images/ohtRSiQ-HPg-010500.jpg;True;False;Elshorbagy;#2196F3;Richards;#F44336
media/images/ohtRSiQ-HPg-011000.jpg;True;False;Elshorbagy;#2196F3;Richards;#F44336
media/images/ohtRSiQ-HPg-011500.jpg;True;False;Elshorbagy;#2196F3;Richards;#F44336
media/images/ohtRSiQ-HPg-012000.jpg;True;False;Elshorbagy;#2196F3;Richards;#F44336
media/images/ohtRSiQ-HPg-012500.jpg;True;False;Elshorbagy;#2196F3;Richards;#F44336
media/images/ohtRSiQ-HPg-013000.jpg;True;False;Elshorbagy;#2196F3;Richards;#F44336
media/images/ohtRSiQ-HPg-013500.jpg;True;False;Elshorbagy;#2196F3;Richards;#F44336
media/images/ohtRSiQ-HPg-014000.jpg;True;False;Elshorbagy;#2196F3;Richards;#F44336
media/images/ohtRSiQ-HPg-014500.jpg;True;False;Elshorbagy;#2196F3;Richards;#F44336
media/images/ohtRSiQ-HPg-015000.jpg;True;False;Elshorbagy;#2196F3;Richards;#F44336
media/images/ohtRSiQ-HPg-015500.jpg;True;False;Elshorbagy;#2196F3;Richards;#F44336
media/images/ohtRSiQ-HPg-016000.jpg;True;False;Elshorbagy;#2196F3;Richards;#F44336
media/images/ohtRSiQ-HPg-016500.jpg;True;False;Elshorbagy;#2196F3;Richards;#F44336
media/images/ohtRSiQ-HPg-017000.jpg;True;False;Elshorbagy;#2196F3;Richards;#F44336
media/images/ohtRSiQ-HPg-017500.jpg;True;False;Elshorbagy;#2196F3;Richards;#F44336
media/images/ohtRSiQ-HPg-018000.jpg;True;False;Elshorbagy;#2196F3;Richards;#F44336
media/images/ohtRSiQ-HPg-018500.jpg;True;False;Elshorbagy;#2196F3;Richards;#F44336
media/images/ohtRSiQ-HPg-019000.jpg;True;False;Elshorbagy;#2196F3;Richards;#F44336
media/images/ohtRSiQ-HPg-019500.jpg;True;False;Elshorbagy;#2196F3;Richards;#F44336
media/images/ohtRSiQ-HPg-020000.jpg;True;False;Elshorbagy;#2196F3;Richards;#F44336
media/images/ohtRSiQ-HPg-020500.jpg;True;False;Elshorbagy;#2196F3;Richards;#F44336
media/images/ohtRSiQ-HPg-021000.jpg;False;False;Elshorbagy;#2196F3;Richards;#F44336
media/images/ohtRSiQ-HPg-021500.jpg;False;False;Elshorbagy;#2196F3;Richards;#F44336
media/images/ohtRSiQ-HPg-022000.jpg;False;False;Elshorbagy;#2196F3;Richards;#F44336
media/images/ohtRSiQ-HPg-022500.jpg;False;False;Elshorbagy;#2196F3;Richards;#F44336
media/images/ohtRSiQ-HPg-023000.jpg;False;False;Elshorbagy;#2196F3;Richards;#F44336
media/images/ohtRSiQ-HPg-023500.jpg;False;False;Elshorbagy;#2196F3;Richards;#F44336
media/images/ohtRSiQ-HPg-024000.jpg;False;False;Elshorbagy;#2196F3;Richards;#F44336
media/images/ohtRSiQ-HPg-024500.jpg;False;False;;;;
media/images/ohtRSiQ-HPg-025000.jpg;False;False;;;;
media/images/ohtRSiQ-HPg-025500.jpg;True;True;Elshorbagy;#2196F3;Richards;#F44336
media/images/ohtRSiQ-HPg-026000.jpg;True;True;Elshorbagy;#2196F3;Richards;#F44336
media/images/ohtRSiQ-HPg-026500.jpg;True;True;Elshorbagy;#2196F3;Richards;#F44336
media/images/ohtRSiQ-HPg-027000.jpg;True;True;Elshorbagy;#2196F3;Richards;#F44336
media/images/ohtRSiQ-HPg-027500.jpg;True;True;Elshorbagy;#2196F3;Richards;#F44336
media/images/ohtRSiQ-HPg-028000.jpg;True;True;Elshorbagy;#2196F3;Richards;#F44336
media/images/ohtRSiQ-HPg-028500.jpg;True;True;Elshorbagy;#2196F3;Richards;#F44336
media/images/ohtRSiQ-HPg-029000.jpg;True;False;Elshorbagy;#2196F3;Richards;#F44336
media/images/ohtRSiQ-HPg-029500.jpg;True;False;Elshorbagy;#2196F3;Richards;#F44336
media/images/ohtRSiQ-HPg-030000.jpg;True;False;Elshorbagy;#2196F3;Richards;#F44336
media/images/ohtRSiQ-HPg-030500.jpg;True;False;Elshorbagy;#2196F3;Richards;#F44336
media/images/ohtRSiQ-HPg-031000.jpg;True;False;Elshorbagy;#2196F3;Richards;#F44336
media/images/ohtRSiQ-HPg-031500.jpg;True;False;Elshorbagy;#2196F3;Richards;#F44336
media/images/ohtRSiQ-HPg-032000.jpg;True;False;Elshorbagy;#2196F3;Richards;#F44336
media/images/ohtRSiQ-HPg-032500.jpg;True;False;Elshorbagy;#2196F3;Richards;#F44336
media/images/ohtRSiQ-HPg-033000.jpg;True;False;Elshorbagy;#2196F3;Richards;#F44336
media/images/ohtRSiQ-HPg-033500.jpg;True;False;Elshorbagy;#2196F3;Richards;#F44336
media/images/ohtRSiQ-HPg-034000.jpg;True;False;Elshorbagy;#2196F3;Richards;#F44336
media/images/ohtRSiQ-HPg-034500.jpg;True;False;Elshorbagy;#2196F3;Richards;#F44336
media/images/ohtRSiQ-HPg-035000.jpg;True;False;Elshorbagy;#2196F3;Richards;#F44336
media/images/ohtRSiQ-HPg-035500.jpg;True;False;Elshorbagy;#2196F3;Richards;#F44336
media/images/ohtRSiQ-HPg-036000.jpg;True;False;Elshorbagy;#2196F3;Richards;#F44336
media/images/ohtRSiQ-HPg-036500.jpg;True;False;Elshorbagy;#2196F3;Richards;#F44336
media/images/ohtRSiQ-HPg-037000.jpg;True;False;Elshorbagy;#2196F3;Richards;#F44336
media/images/ohtRSiQ-HPg-037500.jpg;True;False;Elshorbagy;#2196F3;Richards;#F44336
media/images/ohtRSiQ-HPg-237137.jpg;False;False;James;#000000;Coll;#000000
media/images/ohtRSiQ-HPg-237637.jpg;False;False;James;#000000;Coll;#000000
media/images/ohtRSiQ-HPg-238137.jpg;False;False;;;;
media/images/ohtRSiQ-HPg-238637.jpg;True;False;James;#000000;Coll;#FF9800
media/images/ohtRSiQ-HPg-239137.jpg;True;False;James;#000000;Coll;#FF9800
media/images/ohtRSiQ-HPg-239637.jpg;True;False;James;#000000;Coll;#FF9800
media/images/ohtRSiQ-HPg-240137.jpg;True;False;James;#000000;Coll;#FF9800
media/images/ohtRSiQ-HPg-240637.jpg;True;False;James;#000000;Coll;#FF9800
media/images/ohtRSiQ-HPg-241137.jpg;True;False;James;#000000;Coll;#FF9800
media/images/ohtRSiQ-HPg-241637.jpg;True;False;James;#000000;Coll;#FF9800
media/images/ohtRSiQ-HPg-242137.jpg;True;False;James;#000000;Coll;#FF9800
media/images/ohtRSiQ-HPg-242637.jpg;True;False;James;#000000;Coll;#FF9800
media/images/ohtRSiQ-HPg-243137.jpg;True;False;James;#000000;Coll;#FF9800
media/images/ohtRSiQ-HPg-243637.jpg;True;False;James;#000000;Coll;#FF9800
media/images/ohtRSiQ-HPg-244137.jpg;True;False;James;#000000;Coll;#FF9800
media/images/ohtRSiQ-HPg-244637.jpg;True;False;James;#000000;Coll;#FF9800
media/images/ohtRSiQ-HPg-245137.jpg;True;False;James;#000000;Coll;#FF9800
media/images/ohtRSiQ-HPg-245637.jpg;True;False;James;#000000;Coll;#FF9800
media/images/ohtRSiQ-HPg-246137.jpg;True;False;James;#000000;Coll;#FF9800
media/images/ohtRSiQ-HPg-246637.jpg;True;False;James;#000000;Coll;#FF9800
media/images/ohtRSiQ-HPg-247137.jpg;True;False;James;#000000;Coll;#FF9800
media/images/ohtRSiQ-HPg-247637.jpg;True;False;James;#000000;Coll;#FF9800
media/images/ohtRSiQ-HPg-248137.jpg;True;False;James;#000000;Coll;#FF9800
media/images/ohtRSiQ-HPg-248637.jpg;True;False;James;#000000;Coll;#FF9800
media/images/ohtRSiQ-HPg-249137.jpg;True;False;James;#000000;Coll;#FF9800
media/images/ohtRSiQ-HPg-249637.jpg;True;False;James;#000000;Coll;#FF9800
media/images/ohtRSiQ-HPg-250137.jpg;True;False;James;#000000;Coll;#FF9800
media/images/ohtRSiQ-HPg-250637.jpg;True;False;James;#000000;Coll;#FF9800
media/images/ohtRSiQ-HPg-251137.jpg;True;False;James;#000000;Coll;#FF9800
media/images/ohtRSiQ-HPg-251637.jpg;True;False;James;#000000;Coll;#FF9800
media/images/ohtRSiQ-HPg-252137.jpg;False;False;James;#000000;Coll;#FF9800
media/images/ohtRSiQ-HPg-252637.jpg;False;False;James;#000000;Coll;#FF9800
media/images/ohtRSiQ-HPg-253137.jpg;False;False;James;#000000;Coll;#FF9800
media/images/ohtRSiQ-HPg-253637.jpg;False;False;James;#000000;Coll;#FF9800
media/images/ohtRSiQ-HPg-254137.jpg;False;False;James;#000000;Coll;#FF9800
media/images/ohtRSiQ-HPg-254637.jpg;False;False;James;#000000;Coll;#FF9800
media/images/ohtRSiQ-HPg-255137.jpg;False;False;James;#000000;Coll;#FF9800
media/images/ohtRSiQ-HPg-255637.jpg;False;False;James;#000000;Coll;#FF9800
media/images/ohtRSiQ-HPg-256137.jpg;False;False;;;;
media/images/ohtRSiQ-HPg-256637.jpg;True;True;James;#000000;Coll;#FF9800
media/images/ohtRSiQ-HPg-257137.jpg;True;True;James;#000000;Coll;#FF9800
media/images/ohtRSiQ-HPg-257637.jpg;True;True;James;#000000;Coll;#FF9800
media/images/ohtRSiQ-HPg-258137.jpg;True;True;James;#000000;Coll;#FF9800
media/images/ohtRSiQ-HPg-258637.jpg;True;True;James;#000000;Coll;#FF9800
media/images/ohtRSiQ-HPg-259137.jpg;True;True;James;#000000;Coll;#FF9800
media/images/ohtRSiQ-HPg-259637.jpg;True;True;James;#000000;Coll;#FF9800
media/images/ohtRSiQ-HPg-260137.jpg;True;True;James;#000000;Coll;#FF9800
media/images/ohtRSiQ-HPg-261137.jpg;False;True;;;;
media/images/ohtRSiQ-HPg-261637.jpg;True;False;James;#000000;Coll;#FF9800
media/images/ohtRSiQ-HPg-262137.jpg;True;False;James;#000000;Coll;#FF9800
media/images/ohtRSiQ-HPg-262637.jpg;True;False;James;#000000;Coll;#FF9800
media/images/ohtRSiQ-HPg-263137.jpg;True;False;James;#000000;Coll;#FF9800
media/images/ohtRSiQ-HPg-263637.jpg;True;False;James;#000000;Coll;#FF9800
media/images/ohtRSiQ-HPg-264137.jpg;True;False;James;#000000;Coll;#FF9800
media/images/ohtRSiQ-HPg-264637.jpg;True;False;James;#000000;Coll;#FF9800
media/images/ohtRSiQ-HPg-265137.jpg;True;False;James;#000000;Coll;#FF9800
media/images/ohtRSiQ-HPg-265637.jpg;True;False;James;#000000;Coll;#FF9800
media/images/ohtRSiQ-HPg-266137.jpg;True;False;James;#000000;Coll;#FF9800
media/images/ohtRSiQ-HPg-266637.jpg;True;False;James;#000000;Coll;#FF9800
media/images/ohtRSiQ-HPg-267137.jpg;True;False;James;#000000;Coll;#FF9800
media/images/ohtRSiQ-HPg-267637.jpg;True;False;James;#000000;Coll;#FF9800
media/images/ohtRSiQ-HPg-268137.jpg;True;False;James;#000000;Coll;#FF9800
media/images/ohtRSiQ-HPg-268637.jpg;True;False;James;#000000;Coll;#FF9800
media/images/ohtRSiQ-HPg-269137.jpg;True;False;James;#000000;Coll;#FF9800
media/images/ohtRSiQ-HPg-269637.jpg;False;False;James;#000000;Coll;#FF9800
media/images/ohtRSiQ-HPg-270137.jpg;False;False;James;#000000;Coll;#FF9800
media/images/ohtRSiQ-HPg-270637.jpg;False;False;James;#000000;Coll;#FF9800
media/images/ohtRSiQ-HPg-271137.jpg;False;False;James;#000000;Coll;#FF9800
media/images/ohtRSiQ-HPg-271637.jpg;False;False;James;#000000;Coll;#FF9800
media/images/ohtRSiQ-HPg-272137.jpg;False;False;James;#000000;Coll;#FF9800
media/images/ohtRSiQ-HPg-272637.jpg;False;False;James;#000000;Coll;#FF9800
media/images/ohtRSiQ-HPg-273137.jpg;False;False;James;#000000;Coll;#FF9800
media/images/ohtRSiQ-HPg-273637.jpg;False;False;James;#000000;Coll;#FF9800
media/images/ohtRSiQ-HPg-274137.jpg;False;False;James;#000000;Coll;#FF9800
media/images/ohtRSiQ-HPg-274637.jpg;False;False;James;#000000;Coll;#FF9800
media/images/ohtRSiQ-HPg-275137.jpg;False;False;James;#000000;Coll;#FF9800
media/images/ohtRSiQ-HPg-275637.jpg;False;False;James;#000000;Coll;#FF9800
media/images/ohtRSiQ-HPg-276137.jpg;False;False;James;#000000;Coll;#FF9800
media/images/ohtRSiQ-HPg-276637.jpg;False;False;James;#000000;Coll;#FF9800
media/images/ohtRSiQ-HPg-277137.jpg;False;False;James;#000000;Coll;#FF9800
media/images/ohtRSiQ-HPg-277637.jpg;False;False;James;#000000;Coll;#FF9800
media/images/ohtRSiQ-HPg-278137.jpg;False;False;James;#000000;Coll;#FF9800
media/images/ohtRSiQ-HPg-278637.jpg;False;False;James;#000000;Coll;#FF9800
media/images/ohtRSiQ-HPg-279137.jpg;False;False;James;#000000;Coll;#FF9800
media/images/ohtRSiQ-HPg-279637.jpg;False;False;James;#000000;Coll;#FF9800
media/images/ohtRSiQ-HPg-280137.jpg;False;False;James;#000000;Coll;#FF9800
media/images/ohtRSiQ-HPg-280637.jpg;False;False;;;;
media/images/ohtRSiQ-HPg-281137.jpg;False;False;James;#000000;Coll;#FF9800
media/images/ohtRSiQ-HPg-281637.jpg;True;False;James;#000000;Coll;#FF9800
media/images/ohtRSiQ-HPg-282137.jpg;True;False;James;#000000;Coll;#FF9800
media/images/ohtRSiQ-HPg-282637.jpg;True;False;James;#000000;Coll;#FF9800
media/images/ohtRSiQ-HPg-283137.jpg;True;False;James;#000000;Coll;#FF9800
media/images/ohtRSiQ-HPg-283637.jpg;True;False;James;#000000;Coll;#FF9800
media/images/ohtRSiQ-HPg-284137.jpg;True;False;James;#000000;Coll;#FF9800
media/images/ohtRSiQ-HPg-284637.jpg;True;False;James;#000000;Coll;#FF9800
media/images/ohtRSiQ-HPg-285137.jpg;True;False;James;#000000;Coll;#FF9800
media/images/ohtRSiQ-HPg-285637.jpg;True;False;James;#000000;Coll;#FF9800
media/images/ohtRSiQ-HPg-286137.jpg;True;False;James;#000000;Coll;#FF9800
media/images/ohtRSiQ-HPg-286637.jpg;True;False;James;#000000;Coll;#FF9800
media/images/ohtRSiQ-HPg-287137.jpg;True;False;James;#000000;Coll;#FF9800
media/images/ohtRSiQ-HPg-287637.jpg;False;False;James;#000000;Coll;#FF9800
media/images/ohtRSiQ-HPg-288137.jpg;False;False;James;#000000;Coll;#FF9800
media/images/ohtRSiQ-HPg-288637.jpg;False;False;James;#000000;Coll;#FF9800
media/images/ohtRSiQ-HPg-289137.jpg;False;False;James;#000000;Coll;#FF9800
media/images/ohtRSiQ-HPg-289637.jpg;False;False;James;#000000;Coll;#FF9800
media/images/ohtRSiQ-HPg-290137.jpg;False;False;James;#000000;Coll;#FF9800
media/images/ohtRSiQ-HPg-290637.jpg;False;False;James;#000000;Coll;#FF9800
media/images/ohtRSiQ-HPg-291137.jpg;False;False;James;#000000;Coll;#FF9800
media/images/ohtRSiQ-HPg-291637.jpg;False;False;James;#000000;Coll;#FF9800
media/images/ohtRSiQ-HPg-292137.jpg;False;False;James;#000000;Coll;#FF9800
media/images/ohtRSiQ-HPg-292637.jpg;False;False;;;;
media/images/ohtRSiQ-HPg-450901.jpg;False;False;Elias;#FFFFFF;Farag;#FFFFFF
media/images/ohtRSiQ-HPg-451401.jpg;False;False;Elias;#FFFFFF;Farag;#FFFFFF
media/images/ohtRSiQ-HPg-451901.jpg;False;False;Elias;#FFFFFF;Farag;#FFFFFF
media/images/ohtRSiQ-HPg-452401.jpg;False;False;Elias;#FFFFFF;Farag;#FFFFFF
media/images/ohtRSiQ-HPg-452901.jpg;False;False;Elias;#FFFFFF;Farag;#FFFFFF
media/images/ohtRSiQ-HPg-453401.jpg;False;False;;;;
media/images/ohtRSiQ-HPg-453901.jpg;True;False;Elias;#000000;Farag;#FFFFFF
media/images/ohtRSiQ-HPg-454401.jpg;True;False;Elias;#000000;Farag;#FFFFFF
media/images/ohtRSiQ-HPg-454901.jpg;True;False;Elias;#000000;Farag;#FFFFFF
media/images/ohtRSiQ-HPg-455401.jpg;True;False;Elias;#000000;Farag;#FFFFFF
media/images/ohtRSiQ-HPg-455901.jpg;True;False;Elias;#000000;Farag;#FFFFFF
media/images/ohtRSiQ-HPg-456401.jpg;True;False;Elias;#000000;Farag;#FFFFFF
media/images/ohtRSiQ-HPg-456901.jpg;True;False;Elias;#000000;Farag;#FFFFFF
media/images/ohtRSiQ-HPg-457401.jpg;True;False;Elias;#000000;Farag;#FFFFFF
media/images/ohtRSiQ-HPg-457901.jpg;True;False;Elias;#000000;Farag;#FFFFFF
media/images/ohtRSiQ-HPg-458401.jpg;True;False;Elias;#000000;Farag;#FFFFFF
media/images/ohtRSiQ-HPg-458901.jpg;True;False;Elias;#000000;Farag;#FFFFFF
media/images/ohtRSiQ-HPg-459401.jpg;True;False;Elias;#000000;Farag;#FFFFFF
media/images/ohtRSiQ-HPg-459901.jpg;True;False;Elias;#000000;Farag;#FFFFFF
media/images/ohtRSiQ-HPg-460401.jpg;True;False;Elias;#000000;Farag;#FFFFFF
media/images/ohtRSiQ-HPg-460901.jpg;True;False;Elias;#000000;Farag;#FFFFFF
media/images/ohtRSiQ-HPg-461401.jpg;True;False;Elias;#000000;Farag;#FFFFFF
media/images/ohtRSiQ-HPg-461901.jpg;True;False;Elias;#000000;Farag;#FFFFFF
media/images/ohtRSiQ-HPg-462401.jpg;True;False;Elias;#000000;Farag;#FFFFFF
media/images/ohtRSiQ-HPg-462901.jpg;True;False;Elias;#000000;Farag;#FFFFFF
media/images/ohtRSiQ-HPg-463401.jpg;True;False;Elias;#000000;Farag;#FFFFFF
media/images/ohtRSiQ-HPg-463901.jpg;True;False;Elias;#000000;Farag;#FFFFFF
media/images/ohtRSiQ-HPg-464401.jpg;True;False;Elias;#000000;Farag;#FFFFFF
media/images/ohtRSiQ-HPg-464901.jpg;True;False;Elias;#000000;Farag;#FFFFFF
media/images/ohtRSiQ-HPg-465401.jpg;True;False;Elias;#000000;Farag;#FFFFFF
media/images/ohtRSiQ-HPg-465901.jpg;True;False;Elias;#000000;Farag;#FFFFFF
media/images/ohtRSiQ-HPg-466401.jpg;False;False;Elias;#000000;Farag;#FFFFFF
media/images/ohtRSiQ-HPg-466901.jpg;False;False;Elias;#000000;Farag;#FFFFFF
media/images/ohtRSiQ-HPg-467401.jpg;False;False;Elias;#000000;Farag;#FFFFFF
media/images/ohtRSiQ-HPg-467901.jpg;False;False;Elias;#000000;Farag;#FFFFFF
media/images/ohtRSiQ-HPg-468401.jpg;False;False;Elias;#000000;Farag;#FFFFFF
media/images/ohtRSiQ-HPg-468901.jpg;False;False;Elias;#000000;Farag;#FFFFFF
media/images/ohtRSiQ-HPg-469401.jpg;False;False;Elias;#000000;Farag;#FFFFFF
media/images/ohtRSiQ-HPg-469901.jpg;False;False;Elias;#000000;Farag;#FFFFFF
media/images/ohtRSiQ-HPg-470401.jpg;False;False;Elias;#000000;Farag;#FFFFFF
media/images/ohtRSiQ-HPg-470901.jpg;False;False;;;;
media/images/ohtRSiQ-HPg-471401.jpg;True;True;Elias;#000000;Farag;#FFFFFF
media/images/ohtRSiQ-HPg-471901.jpg;True;True;Elias;#000000;Farag;#FFFFFF
media/images/ohtRSiQ-HPg-472401.jpg;True;True;Elias;#000000;Farag;#FFFFFF
media/images/ohtRSiQ-HPg-472901.jpg;True;True;Elias;#000000;Farag;#FFFFFF
media/images/ohtRSiQ-HPg-473401.jpg;True;True;Elias;#000000;Farag;#FFFFFF
media/images/ohtRSiQ-HPg-473901.jpg;True;True;Elias;#000000;Farag;#FFFFFF
media/images/ohtRSiQ-HPg-474401.jpg;False;False;;;;
media/images/ohtRSiQ-HPg-474901.jpg;True;False;Elias;#000000;Farag;#FFFFFF
media/images/ohtRSiQ-HPg-475401.jpg;True;False;Elias;#000000;Farag;#FFFFFF
media/images/ohtRSiQ-HPg-475901.jpg;True;False;Elias;#000000;Farag;#FFFFFF
media/images/ohtRSiQ-HPg-476401.jpg;True;False;Elias;#000000;Farag;#FFFFFF
media/images/ohtRSiQ-HPg-476901.jpg;True;False;Elias;#000000;Farag;#FFFFFF
media/images/ohtRSiQ-HPg-477401.jpg;True;False;Elias;#000000;Farag;#FFFFFF
media/images/ohtRSiQ-HPg-477901.jpg;True;False;Elias;#000000;Farag;#FFFFFF
media/images/ohtRSiQ-HPg-478401.jpg;True;False;Elias;#000000;Farag;#FFFFFF
media/images/ohtRSiQ-HPg-478901.jpg;True;False;Elias;#000000;Farag;#FFFFFF
media/images/ohtRSiQ-HPg-479401.jpg;True;False;Elias;#000000;Farag;#FFFFFF
media/images/ohtRSiQ-HPg-479901.jpg;True;False;Elias;#000000;Farag;#FFFFFF
media/images/ohtRSiQ-HPg-480401.jpg;True;False;Elias;#000000;Farag;#FFFFFF
media/images/ohtRSiQ-HPg-480901.jpg;True;False;Elias;#000000;Farag;#FFFFFF
media/images/ohtRSiQ-HPg-481401.jpg;True;False;Elias;#000000;Farag;#FFFFFF
media/images/ohtRSiQ-HPg-481901.jpg;True;False;Elias;#000000;Farag;#FFFFFF
media/images/ohtRSiQ-HPg-482401.jpg;True;False;Elias;#000000;Farag;#FFFFFF
media/images/ohtRSiQ-HPg-482901.jpg;True;False;Elias;#000000;Farag;#FFFFFF
media/images/ohtRSiQ-HPg-483401.jpg;True;False;Elias;#000000;Farag;#FFFFFF
media/images/ohtRSiQ-HPg-483901.jpg;True;False;Elias;#000000;Farag;#FFFFFF
media/images/ohtRSiQ-HPg-484401.jpg;True;False;Elias;#000000;Farag;#FFFFFF
media/images/ohtRSiQ-HPg-484901.jpg;True;False;Elias;#000000;Farag;#FFFFFF
media/images/ohtRSiQ-HPg-485401.jpg;True;False;Elias;#000000;Farag;#FFFFFF
media/images/ohtRSiQ-HPg-485901.jpg;True;False;Elias;#000000;Farag;#FFFFFF
media/images/ohtRSiQ-HPg-486401.jpg;True;False;Elias;#000000;Farag;#FFFFFF
media/images/ohtRSiQ-HPg-486901.jpg;True;False;Elias;#000000;Farag;#FFFFFF
media/images/ohtRSiQ-HPg-487401.jpg;True;False;Elias;#000000;Farag;#FFFFFF
media/images/ohtRSiQ-HPg-487901.jpg;True;False;Elias;#000000;Farag;#FFFFFF
media/images/ohtRSiQ-HPg-488401.jpg;True;False;Elias;#000000;Farag;#FFFFFF
media/images/ohtRSiQ-HPg-488901.jpg;True;False;Elias;#000000;Farag;#FFFFFF
media/images/ohtRSiQ-HPg-489401.jpg;True;False;Elias;#000000;Farag;#FFFFFF
media/images/ohtRSiQ-HPg-489901.jpg;False;False;Elias;#000000;Farag;#FFFFFF
media/images/ohtRSiQ-HPg-490401.jpg;False;False;Elias;#000000;Farag;#FFFFFF
media/images/ohtRSiQ-HPg-490901.jpg;False;False;Elias;#000000;Farag;#FFFFFF
media/images/ohtRSiQ-HPg-491401.jpg;False;False;Elias;#000000;Farag;#FFFFFF
media/images/ohtRSiQ-HPg-491901.jpg;False;False;Elias;#000000;Farag;#FFFFFF
media/images/ohtRSiQ-HPg-492401.jpg;False;False;Elias;#000000;Farag;#FFFFFF
media/images/ohtRSiQ-HPg-492901.jpg;False;False;Elias;#000000;Farag;#FFFFFF
media/images/ohtRSiQ-HPg-493901.jpg;False;False;Elias;#000000;Farag;#FFFFFF
media/images/ohtRSiQ-HPg-494401.jpg;False;False;Elias;#000000;Farag;#FFFFFF
media/images/ohtRSiQ-HPg-494901.jpg;False;False;Elias;#000000;Farag;#FFFFFF
media/images/ohtRSiQ-HPg-495401.jpg;False;False;Elias;#000000;Farag;#FFFFFF
media/images/ohtRSiQ-HPg-495901.jpg;False;False;Elias;#000000;Farag;#FFFFFF
media/images/ohtRSiQ-HPg-828118.jpg;True;False;Salem;#4CAF50;Rodriguez;#9C27B0
media/images/ohtRSiQ-HPg-828618.jpg;True;False;Salem;#4CAF50;Rodriguez;#9C27B0
media/images/ohtRSiQ-HPg-829118.jpg;True;False;Salem;#4CAF50;Rodriguez;#9C27B0
media/images/ohtRSiQ-HPg-829618.jpg;True;False;Salem;#4CAF50;Rodriguez;#9C27B0
media/images/ohtRSiQ-HPg-830118.jpg;True;False;Salem;#4CAF50;Rodriguez;#9C27B0
media/images/ohtRSiQ-HPg-830618.jpg;True;False;Salem;#4CAF50;Rodriguez;#9C27B0
media/images/ohtRSiQ-HPg-831118.jpg;False;False;Salem;#4CAF50;Rodriguez;#9C27B0
media/images/ohtRSiQ-HPg-831618.jpg;False;False;Salem;#4CAF50;Rodriguez;#9C27B0
media/images/ohtRSiQ-HPg-832118.jpg;False;False;Salem;#4CAF50;Rodriguez;#9C27B0
media/images/ohtRSiQ-HPg-832618.jpg;False;False;Salem;#4CAF50;Rodriguez;#9C27B0
media/images/ohtRSiQ-HPg-833118.jpg;False;False;Salem;#4CAF50;Rodriguez;#9C27B0
media/images/ohtRSiQ-HPg-833618.jpg;False;False;Salem;#4CAF50;Rodriguez;#9C27B0
media/images/ohtRSiQ-HPg-834118.jpg;False;False;Salem;#4CAF50;Rodriguez;#9C27B0
media/images/ohtRSiQ-HPg-834618.jpg;False;False;Salem;#4CAF50;Rodriguez;#9C27B0
media/images/ohtRSiQ-HPg-835118.jpg;False;False;Salem;#4CAF50;Rodriguez;#9C27B0
media/images/ohtRSiQ-HPg-835618.jpg;False;True;;;;
media/images/ohtRSiQ-HPg-836118.jpg;False;True;;;;
media/images/ohtRSiQ-HPg-836618.jpg;False;True;Salem;#4CAF50;Rodriguez;#9C27B0
media/images/ohtRSiQ-HPg-837118.jpg;True;True;Salem;#4CAF50;Rodriguez;#9C27B0
media/images/ohtRSiQ-HPg-837618.jpg;True;True;Salem;#4CAF50;Rodriguez;#9C27B0
media/images/ohtRSiQ-HPg-838118.jpg;True;True;Salem;#4CAF50;Rodriguez;#9C27B0
media/images/ohtRSiQ-HPg-838618.jpg;True;True;Salem;#4CAF50;Rodriguez;#9C27B0
media/images/ohtRSiQ-HPg-839118.jpg;True;True;Salem;#4CAF50;Rodriguez;#9C27B0
media/images/ohtRSiQ-HPg-839618.jpg;True;True;Salem;#4CAF50;Rodriguez;#9C27B0
media/images/ohtRSiQ-HPg-840118.jpg;False;True;Salem;#4CAF50;Rodriguez;#9C27B0
media/images/ohtRSiQ-HPg-840618.jpg;False;True;Salem;#4CAF50;Rodriguez;#9C27B0
media/images/ohtRSiQ-HPg-841118.jpg;False;True;;;;
media/images/ohtRSiQ-HPg-841618.jpg;True;False;Salem;#4CAF50;Rodriguez;#9C27B0
media/images/ohtRSiQ-HPg-842118.jpg;True;False;Salem;#4CAF50;Rodriguez;#9C27B0
media/images/ohtRSiQ-HPg-842618.jpg;True;False;Salem;#4CAF50;Rodriguez;#9C27B0
media/images/ohtRSiQ-HPg-843118.jpg;True;False;Salem;#4CAF50;Rodriguez;#9C27B0
media/images/ohtRSiQ-HPg-843618.jpg;True;False;Salem;#4CAF50;Rodriguez;#9C27B0
media/images/ohtRSiQ-HPg-844118.jpg;True;False;Salem;#4CAF50;Rodriguez;#9C27B0
media/images/ohtRSiQ-HPg-844618.jpg;True;False;Salem;#4CAF50;Rodriguez;#9C27B0
media/images/ohtRSiQ-HPg-845118.jpg;True;False;Salem;#4CAF50;Rodriguez;#9C27B0
media/images/ohtRSiQ-HPg-845322.jpg;True;False;Salem;#4CAF50;Rodriguez;#9C27B0
media/images/ohtRSiQ-HPg-845618.jpg;True;False;Salem;#4CAF50;Rodriguez;#9C27B0
media/images/ohtRSiQ-HPg-845822.jpg;True;False;Salem;#4CAF50;Rodriguez;#9C27B0
media/images/ohtRSiQ-HPg-846118.jpg;True;False;Salem;#4CAF50;Rodriguez;#9C27B0
media/images/ohtRSiQ-HPg-846322.jpg;True;False;Salem;#4CAF50;Rodriguez;#9C27B0
media/images/ohtRSiQ-HPg-846618.jpg;True;False;Salem;#4CAF50;Rodriguez;#9C27B0
media/images/ohtRSiQ-HPg-846822.jpg;True;False;Salem;#4CAF50;Rodriguez;#9C27B0
media/images/ohtRSiQ-HPg-847118.jpg;True;False;Salem;#4CAF50;Rodriguez;#9C27B0
media/images/ohtRSiQ-HPg-847322.jpg;True;False;Salem;#4CAF50;Rodriguez;#9C27B0
media/images/ohtRSiQ-HPg-847618.jpg;True;False;Salem;#4CAF50;Rodriguez;#9C27B0
media/images/ohtRSiQ-HPg-847822.jpg;True;False;Salem;#4CAF50;Rodriguez;#9C27B0
media/images/ohtRSiQ-HPg-848118.jpg;True;False;Salem;#4CAF50;Rodriguez;#9C27B0
media/images/ohtRSiQ-HPg-848618.jpg;True;False;Salem;#4CAF50;Rodriguez;#9C27B0
media/images/ohtRSiQ-HPg-849118.jpg;True;False;Salem;#4CAF50;Rodriguez;#9C27B0
media/images/ohtRSiQ-HPg-849618.jpg;True;False;Salem;#4CAF50;Rodriguez;#9C27B0
media/images/ohtRSiQ-HPg-849735.jpg;True;False;Salem;#4CAF50;Rodriguez;#9C27B0
media/images/ohtRSiQ-HPg-850118.jpg;True;False;Salem;#4CAF50;Rodriguez;#9C27B0
media/images/ohtRSiQ-HPg-850235.jpg;True;False;Salem;#4CAF50;Rodriguez;#9C27B0
media/images/ohtRSiQ-HPg-850618.jpg;True;False;Salem;#4CAF50;Rodriguez;#9C27B0
media/images/ohtRSiQ-HPg-850735.jpg;True;False;Salem;#4CAF50;Rodriguez;#9C27B0
media/images/ohtRSiQ-HPg-851118.jpg;True;False;Salem;#4CAF50;Rodriguez;#9C27B0
media/images/ohtRSiQ-HPg-851618.jpg;True;False;Salem;#4CAF50;Rodriguez;#9C27B0
media/images/ohtRSiQ-HPg-852118.jpg;True;False;Salem;#4CAF50;Rodriguez;#9C27B0
media/images/ohtRSiQ-HPg-852618.jpg;True;False;Salem;#4CAF50;Rodriguez;#9C27B0
media/images/ohtRSiQ-HPg-853118.jpg;True;False;Salem;#4CAF50;Rodriguez;#9C27B0
media/images/ohtRSiQ-HPg-853618.jpg;True;False;Salem;#4CAF50;Rodriguez;#9C27B0
media/images/ohtRSiQ-HPg-854118.jpg;True;False;Salem;#4CAF50;Rodriguez;#9C27B0
media/images/ohtRSiQ-HPg-855870.jpg;True;False;Salem;#4CAF50;Rodriguez;#9C27B0
media/images/ohtRSiQ-HPg-856370.jpg;True;False;Salem;#4CAF50;Rodriguez;#9C27B0
media/images/ohtRSiQ-HPg-856870.jpg;True;False;Salem;#4CAF50;Rodriguez;#9C27B0
media/images/ohtRSiQ-HPg-862600.jpg;True;False;Salem;#4CAF50;Rodriguez;#9C27B0
media/images/ohtRSiQ-HPg-863100.jpg;True;False;Salem;#4CAF50;Rodriguez;#9C27B0
media/images/ohtRSiQ-HPg-863600.jpg;True;False;Salem;#4CAF50;Rodriguez;#9C27B0
media/images/ohtRSiQ-HPg-864100.jpg;True;False;Salem;#4CAF50;Rodriguez;#9C27B0
media/images/ohtRSiQ-HPg-867179.jpg;True;False;Salem;#4CAF50;Rodriguez;#9C27B0
media/images/ohtRSiQ-HPg-867679.jpg;True;False;Salem;#4CAF50;Rodriguez;#9C27B0
media/images/ohtRSiQ-HPg-868179.jpg;True;False;Salem;#4CAF50;Rodriguez;#9C27B0
media/images/ohtRSiQ-HPg-870179.jpg;True;False;Salem;#4CAF50;Rodriguez;#9C27B0
media/images/ohtRSiQ-HPg-870679.jpg;False;False;Salem;#4CAF50;Rodriguez;#9C27B0
media/images/ohtRSiQ-HPg-871179.jpg;False;False;Salem;#4CAF50;Rodriguez;#9C27B0
media/images/ohtRSiQ-HPg-871679.jpg;False;False;Salem;#4CAF50;Rodriguez;#9C27B0
media/images/ohtRSiQ-HPg-872179.jpg;False;False;Salem;#4CAF50;Rodriguez;#9C27B0
media/images/ohtRSiQ-HPg-872679.jpg;False;False;Salem;#4CAF50;Rodriguez;#9C27B0
media/images/ohtRSiQ-HPg-873179.jpg;False;False;Salem;#4CAF50;Rodriguez;#9C27B0
media/images/ohtRSiQ-HPg-873679.jpg;False;False;Salem;#4CAF50;Rodriguez;#9C27B0
media/images/ohtRSiQ-HPg-874179.jpg;False;False;Salem;#4CAF50;Rodriguez;#9C27B0
media/images/ohtRSiQ-HPg-874679.jpg;False;False;Salem;#4CAF50;Rodriguez;#9C27B0
media/images/ohtRSiQ-HPg-875179.jpg;False;False;Salem;#4CAF50;Rodriguez;#9C27B0
media/images/ohtRSiQ-HPg-875679.jpg;False;False;Salem;#4CAF50;Rodriguez;#9C27B0
media/images/ohtRSiQ-HPg-876179.jpg;False;False;Salem;#4CAF50;Rodriguez;#9C27B0
media/images/ohtRSiQ-HPg-876679.jpg;False;False;Salem;#4CAF50;Rodriguez;#9C27B0
media/images/ohtRSiQ-HPg-877179.jpg;False;False;Salem;#4CAF50;Rodriguez;#9C27B0
media/images/ohtRSiQ-HPg-877679.jpg;False;False;Salem;#4CAF50;Rodriguez;#9C27B0
media/images/ohtRSiQ-HPg-878179.jpg;False;False;Salem;#4CAF50;Rodriguez;#9C27B0
media/images/ohtRSiQ-HPg-878679.jpg;False;False;Salem;#4CAF50;Rodriguez;#9C27B0
media/images/ohtRSiQ-HPg-879179.jpg;False;False;;;Rodriguez;#9C27B0
media/images/ohtRSiQ-HPg-879679.jpg;False;False;Salem;#4CAF50;Rodriguez;#9C27B0
media/images/ohtRSiQ-HPg-880179.jpg;False;False;Salem;#4CAF50;Rodriguez;#9C27B0
media/images/ohtRSiQ-HPg-880679.jpg;False;False;Salem;#4CAF50;Rodriguez;#9C27B0
media/images/ohtRSiQ-HPg-881179.jpg;False;False;Salem;#4CAF50;Rodriguez;#9C27B0
media/images/ohtRSiQ-HPg-881679.jpg;False;False;Salem;#4CAF50;Rodriguez;#9C27B0
media/images/ohtRSiQ-HPg-882179.jpg;False;False;Salem;#4CAF50;Rodriguez;#9C27B0
media/images/ohtRSiQ-HPg-882679.jpg;False;False;Salem;#4CAF50;Rodriguez;#9C27B0
media/images/ohtRSiQ-HPg-883179.jpg;False;False;;;;
media/images/ohtRSiQ-HPg-883679.jpg;True;False;Salem;#4CAF50;Rodriguez;#9C27B0
media/images/ohtRSiQ-HPg-884179.jpg;True;False;Salem;#4CAF50;Rodriguez;#9C27B0
media/images/ohtRSiQ-HPg-884679.jpg;True;False;Salem;#4CAF50;Rodriguez;#9C27B0
media/images/ohtRSiQ-HPg-885179.jpg;True;False;Salem;#4CAF50;Rodriguez;#9C27B0
media/images/ohtRSiQ-HPg-885679.jpg;True;False;Salem;#4CAF50;Rodriguez;#9C27B0
media/images/ohtRSiQ-HPg-886179.jpg;True;False;Salem;#4CAF50;Rodriguez;#9C27B0
media/images/ohtRSiQ-HPg-886679.jpg;True;False;Salem;#4CAF50;Rodriguez;#9C27B0
media/images/ohtRSiQ-HPg-887179.jpg;True;False;Salem;#4CAF50;Rodriguez;#9C27B0
media/images/ohtRSiQ-HPg-887679.jpg;True;False;Salem;#4CAF50;Rodriguez;#9C27B0
media/images/ohtRSiQ-HPg-888179.jpg;True;False;Salem;#4CAF50;Rodriguez;#9C27B0
media/images/ohtRSiQ-HPg-888679.jpg;True;False;Salem;#4CAF50;Rodriguez;#9C27B0
media/images/ohtRSiQ-HPg-889179.jpg;True;False;Salem;#4CAF50;Rodriguez;#9C27B0
media/images/ohtRSiQ-HPg-889679.jpg;True;False;Salem;#4CAF50;Rodriguez;#9C27B0
media/images/ohtRSiQ-HPg-890179.jpg;True;False;Salem;#4CAF50;Rodriguez;#9C27B0
media/images/ohtRSiQ-HPg-890679.jpg;True;False;Salem;#4CAF50;Rodriguez;#9C27B0
media/images/ohtRSiQ-HPg-891179.jpg;True;False;Salem;#4CAF50;Rodriguez;#9C27B0
media/images/ohtRSiQ-HPg-891679.jpg;True;False;Salem;#4CAF50;Rodriguez;#9C27B0
media/images/ohtRSiQ-HPg-892179.jpg;True;False;Salem;#4CAF50;Rodriguez;#9C27B0
media/images/ohtRSiQ-HPg-892679.jpg;True;False;Salem;#4CAF50;Rodriguez;#9C27B0
media/images/ohtRSiQ-HPg-893179.jpg;True;False;Salem;#4CAF50;Rodriguez;#9C27B0
media/images/ohtRSiQ-HPg-893679.jpg;True;False;Salem;#4CAF50;Rodriguez;#9C27B0
media/images/ohtRSiQ-HPg-894179.jpg;True;False;Salem;#4CAF50;Rodriguez;#9C27B0
media/images/ohtRSiQ-HPg-894679.jpg;True;False;Salem;#4CAF50;Rodriguez;#9C27B0
media/images/ohtRSiQ-HPg-895179.jpg;True;False;Salem;#4CAF50;Rodriguez;#9C27B0
media/images/ohtRSiQ-HPg-895679.jpg;True;False;Salem;#4CAF50;Rodriguez;#9C27B0
media/images/ohtRSiQ-HPg-896179.jpg;True;False;Salem;#4CAF50;Rodriguez;#9C27B0
media/images/ohtRSiQ-HPg-896679.jpg;True;False;Salem;#4CAF50;Rodriguez;#9C27B0
media/images/ohtRSiQ-HPg-897179.jpg;True;False;Salem;#4CAF50;Rodriguez;#9C27B0
media/images/ohtRSiQ-HPg-897679.jpg;True;False;Salem;#4CAF50;Rodriguez;#9C27B0
media/images/ohtRSiQ-HPg-898179.jpg;True;False;Salem;#4CAF50;Rodriguez;#9C27B0
media/images/ohtRSiQ-HPg-898679.jpg;True;False;Salem;#4CAF50;Rodriguez;#9C27B0
media/images/ohtRSiQ-HPg-899179.jpg;True;False;Salem;#4CAF50;Rodriguez;#9C27B0
media/images/ohtRSiQ-HPg-899679.jpg;False;False;Salem;#4CAF50;Rodriguez;#9C27B0
media/images/ohtRSiQ-HPg-900179.jpg;False;False;Salem;#4CAF50;Rodriguez;#9C27B0
media/images/ohtRSiQ-HPg-900679.jpg;False;False;Salem;#4CAF50;Rodriguez;#9C27B0
media/images/ohtRSiQ-HPg-901179.jpg;False;False;Salem;#4CAF50;Rodriguez;#9C27B0
